country_name,year,final_backslided,.pred_TRUE,v2x_polyarchy,diff1_v2x_polyarchy
Afghanistan,2017,TRUE,0.6510079365079365,0.334,-0.006000000000000005
Afghanistan,2018,TRUE,0.6346499999999997,0.33,-0.0040000000000000036
Afghanistan,2019,TRUE,0.5654730158730159,0.329,-0.0010000000000000009
Afghanistan,2021,TRUE,0.6038142857142856,0.144,-0.19200000000000003
Afghanistan,2022,TRUE,0.5202662698412696,0.076,-0.06799999999999999
Afghanistan,2023,TRUE,0.5213376984126984,0.073,-0.0030000000000000027
Albania,1996,TRUE,0.5869067460317461,0.387,-0.03999999999999998
Albania,1997,TRUE,0.5577607142857145,0.371,-0.016000000000000014
Albania,2013,TRUE,0.6778809523809524,0.523,-0.017000000000000015
Albania,2014,TRUE,0.6376174603174601,0.522,-0.0010000000000000009
Albania,2015,TRUE,0.662713492063492,0.518,-0.0040000000000000036
Albania,2019,TRUE,0.5056920634920634,0.511,-0.013000000000000012
Albania,2023,TRUE,0.7512968253968252,0.505,-0.01200000000000001
Albania,2024,TRUE,0.7546146825396824,0.51,0.0050000000000000044
Albania,2025,TRUE,0.8958535714285712,0.484,-0.026000000000000023
Algeria,1993,TRUE,0.6360361111111112,0.173,-0.015000000000000013
Algeria,1994,TRUE,0.571761507936508,0.179,0.006000000000000005
Algeria,2018,TRUE,0.5520595238095239,0.305,-0.0040000000000000036
Algeria,2019,TRUE,0.645375,0.293,-0.01200000000000001
Algeria,2020,TRUE,0.6179515873015875,0.279,-0.013999999999999957
Algeria,2021,TRUE,0.6130075396825396,0.282,0.002999999999999947
Algeria,2022,TRUE,0.6150182539682536,0.269,-0.012999999999999956
Algeria,2023,TRUE,0.611106746031746,0.265,-0.0040000000000000036
Algeria,2024,TRUE,0.5379416666666668,0.26,-0.0050000000000000044
Argentina,2003,TRUE,0.6766138888888887,0.807,-0.018999999999999906
Argentina,2004,TRUE,0.7205380952380953,0.795,-0.01200000000000001
Argentina,2005,TRUE,0.6723892857142857,0.793,-0.0020000000000000018
Argentina,2006,TRUE,0.5112190476190475,0.78,-0.013000000000000012
Argentina,2008,TRUE,0.7080000000000001,0.766,-0.015000000000000013
Argentina,2009,TRUE,0.5730686507936505,0.756,-0.010000000000000009
Argentina,2010,TRUE,0.549990873015873,0.746,-0.010000000000000009
Argentina,2024,TRUE,0.8083345238095236,0.721,-0.11699999999999999
Argentina,2025,TRUE,0.8682535714285715,0.69,-0.031000000000000028
Armenia,1994,TRUE,0.6009853174603175,0.584,-0.013000000000000012
Armenia,1995,TRUE,0.7868373015873017,0.489,-0.09499999999999997
Armenia,1996,TRUE,0.7988884920634921,0.419,-0.07
Armenia,1997,TRUE,0.7888630952380953,0.392,-0.02699999999999997
Armenia,1998,TRUE,0.7731809523809525,0.404,0.01200000000000001
Armenia,1999,TRUE,0.5995214285714284,0.413,0.008999999999999952
Armenia,2000,TRUE,0.5444908730158731,0.416,0.0030000000000000027
Armenia,2003,TRUE,0.6555087301587301,0.349,-0.05600000000000005
Armenia,2004,TRUE,0.6063765873015873,0.34,-0.008999999999999952
Armenia,2008,TRUE,0.7000317460317461,0.317,-0.02999999999999997
Armenia,2021,TRUE,0.5357376984126987,0.724,-0.05700000000000005
Armenia,2022,TRUE,0.8388091269841269,0.654,-0.06999999999999995
Armenia,2023,TRUE,0.8739940476190476,0.631,-0.02300000000000002
Armenia,2024,TRUE,0.856123809523809,0.625,-0.006000000000000005
Armenia,2025,TRUE,0.8461440476190474,0.614,-0.01100000000000001
Australia,2013,TRUE,0.5048218253968253,0.862,-0.03400000000000003
Australia,2019,TRUE,0.5405694444444444,0.825,-0.03500000000000003
Austria,2018,TRUE,0.5075178571428571,0.851,0
Austria,2022,TRUE,0.5907595238095239,0.841,-0.013000000000000012
Azerbaijan,1994,TRUE,0.6137551587301584,0.249,-0.056999999999999995
Azerbaijan,1995,TRUE,0.7760817460317456,0.247,-0.0020000000000000018
Azerbaijan,1996,TRUE,0.7512511904761904,0.235,-0.01200000000000001
Bahrain,2011,TRUE,0.6664158730158729,0.171,-0.044999999999999984
Bahrain,2012,TRUE,0.6782892857142856,0.162,-0.009000000000000008
Bahrain,2013,TRUE,0.6603952380952381,0.162,0
Bangladesh,2002,TRUE,0.7424416666666664,0.47,-0.03500000000000003
Bangladesh,2003,TRUE,0.603785714285714,0.474,0.0040000000000000036
Bangladesh,2004,TRUE,0.5845416666666666,0.474,0
Bangladesh,2006,TRUE,0.603082142857143,0.423,-0.05099999999999999
Bangladesh,2007,TRUE,0.7283325396825397,0.205,-0.218
Bangladesh,2008,TRUE,0.6984718253968253,0.21,0.0050000000000000044
Bangladesh,2009,TRUE,0.5734488095238094,0.418,0.208
Bangladesh,2011,TRUE,0.5019043650793651,0.416,-0.009000000000000008
Bangladesh,2012,TRUE,0.6085734126984126,0.409,-0.007000000000000006
Bangladesh,2013,TRUE,0.7910738095238093,0.376,-0.032999999999999974
Bangladesh,2014,TRUE,0.8652035714285715,0.278,-0.09799999999999998
Bangladesh,2015,TRUE,0.8135376984126983,0.275,-0.0030000000000000027
Bangladesh,2016,TRUE,0.7497162698412697,0.269,-0.006000000000000005
Bangladesh,2018,TRUE,0.6597341269841271,0.252,-0.013000000000000012
Bangladesh,2019,TRUE,0.5864702380952376,0.251,-0.0010000000000000009
Belarus,1995,TRUE,0.9292496031746033,0.501,-0.04500000000000004
Belarus,1996,TRUE,0.9279936507936507,0.443,-0.057999999999999996
Belarus,1997,TRUE,0.8291313492063493,0.369,-0.07400000000000001
Belarus,1998,TRUE,0.8314198412698413,0.343,-0.025999999999999968
Belarus,1999,TRUE,0.8269789682539684,0.332,-0.01100000000000001
Belarus,2000,TRUE,0.7397428571428574,0.296,-0.03600000000000003
Belarus,2001,TRUE,0.684866666666667,0.247,-0.04899999999999999
Belarus,2002,TRUE,0.6224615079365082,0.243,-0.0040000000000000036
Belarus,2020,TRUE,0.7938492063492063,0.208,-0.05100000000000002
Belarus,2021,TRUE,0.805225396825397,0.172,-0.036000000000000004
Belarus,2022,TRUE,0.767184920634921,0.171,-9.999999999999731e-4
Belarus,2023,TRUE,0.6283472222222226,0.157,-0.014000000000000012
Benin,2011,TRUE,0.5013186507936509,0.599,-0.03600000000000003
Benin,2013,TRUE,0.5871948412698414,0.603,0.007000000000000006
Benin,2018,TRUE,0.8124119047619048,0.606,-0.10699999999999998
Benin,2019,TRUE,0.9063996031746031,0.452,-0.15399999999999997
Benin,2020,TRUE,0.8726404761904761,0.408,-0.04400000000000004
Benin,2021,TRUE,0.8519361111111109,0.39,-0.01799999999999996
Benin,2022,TRUE,0.6354388888888888,0.423,0.032999999999999974
Bhutan,2013,TRUE,0.5074916666666665,0.573,-0.02400000000000002
Bhutan,2014,TRUE,0.5195277777777776,0.564,-0.009000000000000008
Bhutan,2022,TRUE,0.7052353174603173,0.558,-0.015999999999999903
Bhutan,2023,TRUE,0.6599928571428572,0.532,-0.026000000000000023
Bolivia,2006,TRUE,0.8011428571428574,0.724,-0.02200000000000002
Bolivia,2007,TRUE,NA,0.719,-0.0050000000000000044
Bolivia,2008,TRUE,NA,0.719,0
Bolivia,2009,TRUE,NA,0.714,-0.0050000000000000044
Bolivia,2010,TRUE,NA,0.68,-0.03399999999999992
Bolivia,2011,TRUE,NA,0.677,-0.0030000000000000027
Bolivia,2012,TRUE,NA,0.67,-0.007000000000000006
Bolivia,2013,TRUE,NA,0.658,-0.01200000000000001
Bolivia,2014,TRUE,NA,0.647,-0.01100000000000001
Bolivia,2015,TRUE,NA,0.609,-0.038000000000000034
Bolivia,2016,TRUE,NA,0.62,0.01100000000000001
Bolivia,2017,TRUE,NA,0.609,-0.01100000000000001
Bolivia,2018,TRUE,NA,0.593,-0.016000000000000014
Bolivia,2019,TRUE,NA,0.456,-0.13699999999999996
Bolivia,2020,TRUE,0.829329365079365,0.275,-0.181
Bolivia,2024,TRUE,0.8768238095238092,0.577,-0.009000000000000008
Bolivia,2025,TRUE,0.5564440476190476,0.605,0.028000000000000025
Bosnia and Herzegovina,2006,TRUE,0.5852837301587305,0.626,-0.02100000000000002
Bosnia and Herzegovina,2007,TRUE,0.5831976190476192,0.566,-0.06000000000000005
Bosnia and Herzegovina,2018,TRUE,0.59530873015873,0.513,-0.028000000000000025
Bosnia and Herzegovina,2019,TRUE,0.5870583333333335,0.515,0.0020000000000000018
Bosnia and Herzegovina,2020,TRUE,0.6711646825396825,0.517,0.0020000000000000018
Botswana,2015,TRUE,0.5812214285714288,0.69,-0.02100000000000002
Botswana,2017,TRUE,0.6696916666666668,0.675,-0.010000000000000009
Botswana,2019,TRUE,0.613013888888889,0.656,-0.016000000000000014
Botswana,2020,TRUE,0.6956845238095238,0.589,-0.06700000000000006
Botswana,2021,TRUE,0.7227571428571432,0.587,-0.0020000000000000018
Botswana,2022,TRUE,0.7655357142857141,0.573,-0.014000000000000012
Botswana,2023,TRUE,0.7423749999999998,0.564,-0.009000000000000008
Brazil,2016,TRUE,NA,0.781,-0.07999999999999996
Brazil,2017,TRUE,NA,0.774,-0.007000000000000006
Brazil,2018,TRUE,NA,0.749,-0.025000000000000022
Brazil,2019,TRUE,NA,0.691,-0.05800000000000005
Brazil,2020,TRUE,NA,0.699,0.008000000000000007
Brazil,2021,TRUE,NA,0.69,-0.009000000000000008
Brazil,2022,TRUE,NA,0.699,0.009000000000000008
Bulgaria,2009,TRUE,0.6938730158730158,0.691,-0.020000000000000018
Bulgaria,2010,TRUE,0.7769436507936507,0.674,-0.016999999999999904
Bulgaria,2011,TRUE,0.7803043650793652,0.672,-0.0020000000000000018
Bulgaria,2012,TRUE,0.502854761904762,0.664,-0.008000000000000007
Bulgaria,2013,TRUE,0.6286960317460315,0.657,-0.007000000000000006
Bulgaria,2017,TRUE,0.8263599206349207,0.624,-0.04300000000000004
Bulgaria,2018,TRUE,0.835073015873016,0.612,-0.01200000000000001
Bulgaria,2019,TRUE,0.8226293650793651,0.609,-0.0030000000000000027
Bulgaria,2020,TRUE,0.6154380952380953,0.607,-0.0020000000000000018
Bulgaria,2024,TRUE,0.7075079365079365,0.645,-0.014000000000000012
Bulgaria,2025,TRUE,0.8815134920634918,0.599,-0.04600000000000004
Burkina Faso,2015,TRUE,0.5092234126984129,0.376,-0.19299999999999995
Burkina Faso,2019,TRUE,0.6215849206349208,0.657,-0.009000000000000008
Burkina Faso,2021,TRUE,0.6903587301587303,0.634,-0.028000000000000025
Burkina Faso,2022,TRUE,0.715017857142857,0.275,-0.359
Burkina Faso,2023,TRUE,0.7698547619047621,0.212,-0.06300000000000003
Burkina Faso,2024,TRUE,0.7592551587301589,0.154,-0.057999999999999996
Burkina Faso,2025,TRUE,0.7320107142857142,0.134,-0.01999999999999999
Burma/Myanmar,2021,TRUE,0.6248821428571429,0.102,-0.324
Burma/Myanmar,2022,TRUE,0.6064559523809524,0.087,-0.015
Burma/Myanmar,2023,TRUE,0.5892587301587301,0.077,-0.009999999999999995
Burundi,1996,TRUE,0.5247027777777777,0.224,-0.028999999999999998
Burundi,2010,TRUE,0.8205666666666667,0.323,-0.07400000000000001
Burundi,2011,TRUE,0.7854623015873016,0.287,-0.03600000000000003
Burundi,2012,TRUE,0.73625873015873,0.287,0
Burundi,2013,TRUE,0.753763492063492,0.278,-0.008999999999999952
Burundi,2014,TRUE,0.7115313492063491,0.27,-0.008000000000000007
Burundi,2015,TRUE,0.8141718253968254,0.196,-0.07400000000000001
Burundi,2016,TRUE,0.7699123015873016,0.166,-0.03
Burundi,2017,TRUE,0.7439507936507936,0.157,-0.009000000000000008
Burundi,2018,TRUE,0.6243515873015874,0.157,0
Cambodia,1999,TRUE,0.5252785714285714,0.321,-0.025999999999999968
Cambodia,2016,TRUE,0.5325999999999997,0.275,-0.01599999999999996
Cambodia,2017,TRUE,0.7860150793650794,0.234,-0.04100000000000001
Cambodia,2018,TRUE,0.7829242063492063,0.211,-0.02300000000000002
Cambodia,2019,TRUE,0.7306722222222221,0.194,-0.016999999999999987
Cambodia,2020,TRUE,0.5756150793650795,0.191,-0.0030000000000000027
Cameroon,2016,TRUE,0.5639480158730157,0.307,-0.017000000000000015
Cameroon,2017,TRUE,0.7311091269841271,0.298,-0.009000000000000008
Cameroon,2018,TRUE,0.8010722222222219,0.293,-0.0050000000000000044
Cameroon,2019,TRUE,0.7442067460317463,0.28,-0.012999999999999956
Cameroon,2025,TRUE,0.7474428571428569,0.26,-0.017000000000000015
Cape Verde,2021,TRUE,0.5989742063492062,0.775,-0.018000000000000016
Cape Verde,2022,TRUE,0.811931746031746,0.754,-0.02100000000000002
Cape Verde,2023,TRUE,0.7416337301587302,0.75,-0.0040000000000000036
Cape Verde,2024,TRUE,0.5155079365079364,0.752,0.0020000000000000018
Central African Republic,2003,TRUE,0.633330158730159,0.245,-0.09600000000000003
Central African Republic,2004,TRUE,0.6915492063492066,0.221,-0.023999999999999994
Central African Republic,2005,TRUE,0.6551055555555555,0.294,0.07299999999999998
Central African Republic,2013,TRUE,0.6707595238095236,0.272,-0.044999999999999984
Central African Republic,2019,TRUE,0.5949452380952377,0.379,-0.027000000000000024
Central African Republic,2020,TRUE,0.6673238095238098,0.374,-0.0050000000000000044
Central African Republic,2021,TRUE,0.7446166666666667,0.343,-0.030999999999999972
Central African Republic,2022,TRUE,0.7353531746031747,0.326,-0.017000000000000015
Central African Republic,2023,TRUE,0.7526742063492065,0.301,-0.025000000000000022
Central African Republic,2024,TRUE,0.7342837301587302,0.299,-0.0020000000000000018
Central African Republic,2025,TRUE,0.7126476190476191,0.293,-0.006000000000000005
Chad,2021,TRUE,0.6114301587301589,0.177,-0.09100000000000003
Chad,2022,TRUE,0.6863761904761905,0.145,-0.032
Chad,2023,TRUE,0.6278714285714284,0.148,0.0030000000000000027
Chile,2019,TRUE,0.6579706349206351,0.829,-0.041000000000000036
Chile,2020,TRUE,0.617526984126984,0.837,0.008000000000000007
Colombia,2018,TRUE,0.7042460317460315,0.666,-0.014000000000000012
Colombia,2019,TRUE,0.8216146825396827,0.651,-0.015000000000000013
Colombia,2020,TRUE,0.872588888888889,0.643,-0.008000000000000007
Colombia,2025,TRUE,0.5736289682539687,0.679,-0.018999999999999906
Comoros,1996,TRUE,0.5392932539682543,0.317,-0.08300000000000002
Comoros,2000,TRUE,0.5941333333333336,0.218,-0.07799999999999999
Comoros,2001,TRUE,0.5239460317460316,0.221,0.0030000000000000027
Comoros,2015,TRUE,0.531043253968254,0.395,-0.07200000000000001
Comoros,2016,TRUE,0.62699126984127,0.385,-0.010000000000000009
Comoros,2017,TRUE,0.8084047619047621,0.38,-0.0050000000000000044
Comoros,2018,TRUE,0.8467638888888889,0.367,-0.013000000000000012
Comoros,2019,TRUE,0.8523587301587303,0.305,-0.062
Comoros,2020,TRUE,0.8346007936507938,0.28,-0.024999999999999967
Comoros,2021,TRUE,0.7893011904761903,0.28,0
Comoros,2022,TRUE,0.5528142857142858,0.272,-0.008000000000000007
Croatia,2004,TRUE,0.5860746031746035,0.757,-0.01200000000000001
Croatia,2013,TRUE,0.500634523809524,0.828,-0.02300000000000002
Croatia,2014,TRUE,0.6351305555555559,0.823,-0.0050000000000000044
Croatia,2015,TRUE,0.6410071428571431,0.816,-0.007000000000000006
Croatia,2016,TRUE,0.8040452380952382,0.765,-0.050999999999999934
Croatia,2017,TRUE,0.7715313492063497,0.739,-0.026000000000000023
Croatia,2018,TRUE,0.8113003968253969,0.729,-0.010000000000000009
Croatia,2019,TRUE,0.5911849206349207,0.734,0.0050000000000000044
Croatia,2023,TRUE,0.5965,0.725,0.0010000000000000009
Croatia,2024,TRUE,0.7242742063492063,0.71,-0.015000000000000013
Croatia,2025,TRUE,0.7629944444444445,0.686,-0.02399999999999991
Cyprus,2020,TRUE,0.6423825396825397,0.807,-0.03299999999999992
Cyprus,2021,TRUE,0.7462214285714284,0.795,-0.01200000000000001
Cyprus,2022,TRUE,0.6878813492063494,0.779,-0.016000000000000014
Cyprus,2023,TRUE,0.5621785714285716,0.777,-0.0020000000000000018
Czechia,2013,TRUE,0.5298115079365082,0.863,-0.028000000000000025
Czechia,2014,TRUE,0.5135551587301589,0.852,-0.01100000000000001
Czechia,2015,TRUE,0.5541134920634924,0.852,0
Czechia,2017,TRUE,0.6246210317460319,0.833,-0.019000000000000017
Czechia,2018,TRUE,0.6710948412698412,0.81,-0.02299999999999991
Czechia,2019,TRUE,0.6782988095238094,0.8,-0.010000000000000009
Democratic Republic of the Congo,2012,TRUE,0.5381865079365081,0.321,-0.025999999999999968
Democratic Republic of the Congo,2013,TRUE,0.7085150793650795,0.319,-0.0020000000000000018
Democratic Republic of the Congo,2014,TRUE,0.6005349206349206,0.318,-0.0010000000000000009
Democratic Republic of the Congo,2015,TRUE,0.5162718253968254,0.316,-0.0020000000000000018
Democratic Republic of the Congo,2017,TRUE,0.5975750000000001,0.304,-0.0010000000000000009
Democratic Republic of the Congo,2023,TRUE,0.6798861111111112,0.333,-0.0030000000000000027
Democratic Republic of the Congo,2024,TRUE,0.6451412698412695,0.308,-0.025000000000000022
Democratic Republic of the Congo,2025,TRUE,0.6192662698412698,0.306,-0.0020000000000000018
Dominican Republic,1991,TRUE,0.5018575396825397,0.43,-0.030000000000000027
Dominican Republic,2013,TRUE,0.619961904761905,0.6,-0.01200000000000001
Dominican Republic,2015,TRUE,0.632881746031746,0.59,-0.010000000000000009
Dominican Republic,2016,TRUE,0.6830646825396831,0.571,-0.019000000000000017
Dominican Republic,2017,TRUE,0.7062492063492063,0.559,-0.0119999999999999
Ecuador,2007,TRUE,0.7552301587301588,0.671,-0.02199999999999991
Ecuador,2008,TRUE,0.8644623015873019,0.634,-0.03700000000000003
Ecuador,2009,TRUE,NA,0.613,-0.02100000000000002
Ecuador,2010,TRUE,NA,0.588,-0.025000000000000022
Ecuador,2011,TRUE,NA,0.581,-0.007000000000000006
Ecuador,2012,TRUE,NA,0.586,0.0050000000000000044
Ecuador,2013,TRUE,NA,0.538,-0.04799999999999993
Ecuador,2014,TRUE,NA,0.534,-0.0040000000000000036
Ecuador,2015,TRUE,NA,0.533,-0.0010000000000000009
Ecuador,2016,TRUE,NA,0.54,0.007000000000000006
Ecuador,2017,TRUE,NA,0.552,0.01200000000000001
Ecuador,2021,TRUE,0.5712202380952381,0.625,-0.0010000000000000009
Ecuador,2023,TRUE,NA,0.641,-0.020000000000000018
Ecuador,2024,TRUE,NA,0.641,0
Ecuador,2025,TRUE,NA,0.607,-0.03400000000000003
Egypt,2013,TRUE,0.608817857142857,0.187,-0.11099999999999999
Egypt,2014,TRUE,0.6887630952380951,0.137,-0.04999999999999999
Egypt,2015,TRUE,0.7249162698412698,0.156,0.01899999999999999
Egypt,2016,TRUE,0.5581015873015873,0.178,0.021999999999999992
El Salvador,2009,TRUE,NA,0.594,0.03299999999999992
El Salvador,2010,TRUE,NA,0.613,0.019000000000000017
El Salvador,2011,TRUE,NA,0.613,0
El Salvador,2012,TRUE,NA,0.615,0.0020000000000000018
El Salvador,2013,TRUE,NA,0.626,0.01100000000000001
El Salvador,2014,TRUE,NA,0.665,0.039000000000000035
El Salvador,2015,TRUE,NA,0.658,-0.007000000000000006
El Salvador,2016,TRUE,NA,0.659,0.0010000000000000009
El Salvador,2017,TRUE,NA,0.672,0.013000000000000012
El Salvador,2018,TRUE,0.8065210317460318,0.631,-0.041000000000000036
El Salvador,2019,TRUE,0.8989829365079365,0.599,-0.03200000000000003
El Salvador,2020,TRUE,0.9274599206349208,0.518,-0.08099999999999996
El Salvador,2021,TRUE,0.9413547619047622,0.403,-0.11499999999999999
El Salvador,2022,TRUE,0.9428468253968255,0.378,-0.025000000000000022
El Salvador,2023,TRUE,NA,0.377,-0.0010000000000000009
El Salvador,2024,TRUE,NA,0.335,-0.04199999999999998
El Salvador,2025,TRUE,NA,0.321,-0.014000000000000012
Ethiopia,2022,TRUE,0.6353805555555553,0.3,0.010000000000000009
Ethiopia,2023,TRUE,0.788674206349206,0.279,-0.020999999999999963
Ethiopia,2024,TRUE,0.7444142857142857,0.26,-0.019000000000000017
Ethiopia,2025,TRUE,0.7526638888888888,0.257,-0.0030000000000000027
Fiji,2000,TRUE,0.7920888888888891,0.344,-0.19800000000000006
Fiji,2001,TRUE,0.7125710317460318,0.256,-0.08799999999999997
Fiji,2002,TRUE,0.6785043650793653,0.317,0.061
Fiji,2006,TRUE,0.8223126984126986,0.395,-0.135
Fiji,2007,TRUE,0.7498750000000001,0.134,-0.261
Fiji,2008,TRUE,0.7329543650793653,0.131,-0.0030000000000000027
Fiji,2009,TRUE,0.714254365079365,0.129,-0.0020000000000000018
Finland,2024,TRUE,0.5840146825396827,0.827,-0.026000000000000023
Gabon,2018,TRUE,0.5875690476190478,0.386,-0.01200000000000001
Gabon,2019,TRUE,0.6391845238095237,0.377,-0.009000000000000008
Gabon,2020,TRUE,0.6836285714285714,0.368,-0.009000000000000008
Gabon,2023,TRUE,0.6223408730158732,0.325,-0.03699999999999998
Gabon,2024,TRUE,0.5698103174603177,0.227,-0.098
Georgia,2008,TRUE,0.7600873015873014,0.495,-0.04400000000000004
Georgia,2009,TRUE,0.7128436507936509,0.491,-0.0040000000000000036
Georgia,2010,TRUE,0.6239472222222224,0.496,0.0050000000000000044
Georgia,2019,TRUE,0.708773015873016,0.627,-0.03600000000000003
Georgia,2020,TRUE,0.6789876984126987,0.616,-0.01100000000000001
Georgia,2021,TRUE,0.7926416666666669,0.604,-0.01200000000000001
Georgia,2022,TRUE,0.5605583333333333,0.607,0.0030000000000000027
Georgia,2023,TRUE,0.6505047619047624,0.591,-0.016000000000000014
Georgia,2024,TRUE,0.9418999999999998,0.48,-0.11099999999999999
Georgia,2025,TRUE,0.9133607142857144,0.401,-0.07899999999999996
Ghana,2013,TRUE,0.6283753968253969,0.75,-0.02100000000000002
Ghana,2014,TRUE,0.6712448412698412,0.746,-0.0040000000000000036
Ghana,2015,TRUE,0.6363452380952382,0.739,-0.007000000000000006
Ghana,2016,TRUE,0.5086817460317461,0.725,-0.014000000000000012
Ghana,2020,TRUE,0.516328968253968,0.718,0
Ghana,2021,TRUE,0.7719996031746033,0.659,-0.05899999999999994
Ghana,2022,TRUE,0.5884674603174603,0.663,0.0040000000000000036
Ghana,2023,TRUE,0.5708952380952382,0.657,-0.006000000000000005
Greece,2019,TRUE,NA,0.864,0.0050000000000000044
Greece,2020,TRUE,NA,0.788,-0.07599999999999996
Greece,2021,TRUE,NA,0.76,-0.028000000000000025
Greece,2022,TRUE,NA,0.762,0.0020000000000000018
Greece,2023,TRUE,NA,0.735,-0.027000000000000024
Greece,2024,TRUE,NA,0.744,0.009000000000000008
Greece,2025,TRUE,NA,0.741,-0.0030000000000000027
Guatemala,2018,TRUE,0.6618325396825395,0.602,-0.019000000000000017
Guatemala,2019,TRUE,0.791743253968254,0.597,-0.0050000000000000044
Guatemala,2020,TRUE,0.7956448412698414,0.589,-0.008000000000000007
Guatemala,2021,TRUE,0.8778789682539682,0.555,-0.03399999999999992
Guatemala,2022,TRUE,0.91097936507936494,0.509,-0.04600000000000004
Guatemala,2023,TRUE,0.8102055555555552,0.506,-0.0030000000000000027
Guinea,2009,TRUE,0.619854761904762,0.177,-0.09400000000000003
Guinea,2019,TRUE,0.6315055555555553,0.36,-0.013000000000000012
Guinea,2020,TRUE,0.7880361111111112,0.295,-0.065
Guinea,2021,TRUE,0.7028849206349205,0.258,-0.03699999999999998
Guinea,2022,TRUE,0.6409273809523811,0.172,-0.08600000000000002
Guinea,2023,TRUE,0.5013662698412699,0.169,-0.002999999999999975
Guinea,2024,TRUE,0.5161753968253968,0.159,-0.010000000000000009
Guinea-Bissau,2003,TRUE,0.566931746031746,0.376,-0.057999999999999996
Guinea-Bissau,2008,TRUE,0.525768650793651,0.402,-0.043999999999999984
Guinea-Bissau,2012,TRUE,0.7975317460317461,0.328,-0.121
Guinea-Bissau,2013,TRUE,0.6122944444444445,0.288,-0.040000000000000036
Guinea-Bissau,2022,TRUE,0.6638349206349204,0.377,-0.15800000000000003
Guinea-Bissau,2023,TRUE,0.556838888888889,0.428,0.05099999999999999
Guinea-Bissau,2024,TRUE,0.7487825396825397,0.279,-0.14899999999999997
Guinea-Bissau,2025,TRUE,0.7097325396825398,0.252,-0.027000000000000024
Guyana,2019,TRUE,0.6290749999999997,0.64,-0.02400000000000002
Guyana,2020,TRUE,0.7174876984126981,0.555,-0.08499999999999996
Guyana,2021,TRUE,0.8393738095238095,0.498,-0.05700000000000005
Guyana,2022,TRUE,0.787586111111111,0.491,-0.007000000000000006
Guyana,2023,TRUE,0.8536789682539685,0.484,-0.007000000000000006
Haiti,1994,TRUE,0.7146845238095237,0.232,0.025000000000000022
Haiti,2001,TRUE,0.5300369047619048,0.417,-0.020000000000000018
Haiti,2004,TRUE,0.6995242063492063,0.249,-0.15899999999999997
Haiti,2005,TRUE,0.580973015873016,0.247,-0.0020000000000000018
Haiti,2011,TRUE,0.6972380952380952,0.431,-0.028000000000000025
Haiti,2012,TRUE,0.5384400793650792,0.438,0.007000000000000006
Haiti,2015,TRUE,0.5937039682539684,0.425,-0.009000000000000008
Haiti,2020,TRUE,0.5828527777777778,0.4,-0.020999999999999963
Haiti,2021,TRUE,0.7809333333333335,0.33,-0.07
Haiti,2022,TRUE,0.711924603174603,0.233,-0.097
Haiti,2023,TRUE,0.6626781746031744,0.231,-0.0020000000000000018
Haiti,2024,TRUE,0.555959126984127,0.237,0.005999999999999978
Honduras,2009,TRUE,0.8840849206349206,0.441,-0.07800000000000001
Honduras,2010,TRUE,0.8838285714285711,0.408,-0.03300000000000003
Honduras,2011,TRUE,0.882284126984127,0.419,0.01100000000000001
Honduras,2012,TRUE,0.6253718253968255,0.418,-0.0010000000000000009
Honduras,2017,TRUE,0.7566805555555552,0.414,-0.01100000000000001
Honduras,2018,TRUE,0.6202638888888892,0.361,-0.05299999999999999
Honduras,2019,TRUE,0.5670226190476192,0.368,0.007000000000000006
Honduras,2025,TRUE,0.6001757936507939,0.511,-0.027000000000000024
Hong Kong,2014,TRUE,0.5360424603174602,0.354,-0.0040000000000000036
Hong Kong,2016,TRUE,0.6280912698412702,0.333,-0.011999999999999955
Hong Kong,2017,TRUE,0.5626095238095238,0.325,-0.008000000000000007
Hong Kong,2018,TRUE,0.561915873015873,0.318,-0.007000000000000006
Hong Kong,2019,TRUE,0.6980059523809522,0.3,-0.018000000000000016
Hong Kong,2020,TRUE,0.768271825396825,0.255,-0.044999999999999984
Hong Kong,2021,TRUE,0.7359341269841269,0.205,-0.05000000000000002
Hong Kong,2022,TRUE,0.7160293650793653,0.16,-0.044999999999999984
Hong Kong,2023,TRUE,0.7155841269841271,0.149,-0.01100000000000001
Hungary,2010,TRUE,NA,0.808,-0.041999999999999926
Hungary,2011,TRUE,NA,0.778,-0.030000000000000027
Hungary,2012,TRUE,NA,0.773,-0.0050000000000000044
Hungary,2013,TRUE,NA,0.738,-0.03500000000000003
Hungary,2014,TRUE,NA,0.669,-0.06899999999999995
Hungary,2015,TRUE,NA,0.617,-0.052000000000000046
Hungary,2016,TRUE,NA,0.613,-0.0040000000000000036
Hungary,2017,TRUE,NA,0.555,-0.05799999999999994
Hungary,2018,TRUE,NA,0.481,-0.07400000000000007
Hungary,2019,TRUE,NA,0.466,-0.014999999999999958
Hungary,2020,TRUE,NA,0.46,-0.006000000000000005
Hungary,2021,TRUE,NA,0.45,-0.010000000000000009
Hungary,2022,TRUE,NA,0.447,-0.0030000000000000027
Hungary,2023,TRUE,NA,0.434,-0.013000000000000012
Hungary,2024,TRUE,NA,0.444,0.010000000000000009
Hungary,2025,TRUE,NA,0.421,-0.02300000000000002
Iceland,2021,TRUE,0.5080456349206349,0.836,-0.02300000000000002
India,2010,TRUE,0.5164781746031746,0.671,-0.01200000000000001
India,2014,TRUE,0.8796674603174606,0.617,-0.03300000000000003
India,2015,TRUE,0.9457650793650795,0.543,-0.07399999999999995
India,2016,TRUE,0.9531000000000002,0.524,-0.019000000000000017
India,2017,TRUE,0.9588293650793653,0.488,-0.03600000000000003
India,2018,TRUE,0.9284563492063493,0.482,-0.006000000000000005
India,2019,TRUE,0.9317444444444445,0.43,-0.05199999999999999
India,2020,TRUE,0.9188555555555556,0.39,-0.03999999999999998
India,2021,TRUE,0.8218583333333335,0.398,0.008000000000000007
India,2022,TRUE,0.8024750000000004,0.384,-0.014000000000000012
India,2023,TRUE,0.7317261904761907,0.374,-0.010000000000000009
India,2024,TRUE,0.7109773809523809,0.381,0.007000000000000006
India,2025,TRUE,0.6760067460317457,0.377,-0.0040000000000000036
Indonesia,2013,TRUE,0.5485059523809526,0.668,-0.017000000000000015
Indonesia,2014,TRUE,0.6098182539682543,0.658,-0.010000000000000009
Indonesia,2015,TRUE,0.5479591269841271,0.654,-0.0040000000000000036
Indonesia,2016,TRUE,0.5329309523809523,0.639,-0.015000000000000013
Indonesia,2017,TRUE,0.6262492063492064,0.627,-0.01200000000000001
Indonesia,2018,TRUE,0.8029964285714289,0.599,-0.028000000000000025
Indonesia,2019,TRUE,0.7482730158730159,0.596,-0.0030000000000000027
Indonesia,2020,TRUE,0.7941194444444445,0.566,-0.030000000000000027
Indonesia,2021,TRUE,0.8036146825396826,0.545,-0.020999999999999908
Indonesia,2022,TRUE,0.7834924603174602,0.561,0.016000000000000014
Indonesia,2023,TRUE,0.7914206349206351,0.538,-0.02300000000000002
Indonesia,2024,TRUE,0.7662996031746031,0.496,-0.04200000000000004
Indonesia,2025,TRUE,0.8602015873015875,0.462,-0.033999999999999975
Iran,2005,TRUE,0.7036484126984128,0.177,-0.03
Iran,2006,TRUE,0.7190222222222221,0.173,-0.0040000000000000036
Iran,2007,TRUE,0.6108682539682541,0.173,0
Iran,2010,TRUE,0.5103623015873016,0.144,-0.014000000000000012
Iran,2020,TRUE,0.6180456349206351,0.165,-0.015999999999999986
Iran,2021,TRUE,0.6323337301587303,0.158,-0.007000000000000006
Iran,2022,TRUE,0.6551257936507935,0.148,-0.010000000000000009
Iran,2023,TRUE,0.5718746031746031,0.153,0.0050000000000000044
Iraq,2013,TRUE,0.5750781746031746,0.414,0.0040000000000000036
Iraq,2014,TRUE,0.6338984126984131,0.403,-0.010999999999999954
Iraq,2015,TRUE,0.6040587301587304,0.396,-0.007000000000000006
Iraq,2020,TRUE,0.547947222222222,0.376,-0.017000000000000015
Iraq,2021,TRUE,0.6124333333333334,0.374,-0.0020000000000000018
Iraq,2022,TRUE,0.5900380952380951,0.385,0.01100000000000001
Israel,2019,TRUE,0.5094047619047621,0.708,0.0030000000000000027
Israel,2023,TRUE,0.5624710317460319,0.704,-0.010000000000000009
Israel,2024,TRUE,0.7210107142857143,0.702,-0.0020000000000000018
Israel,2025,TRUE,0.7334999999999999,0.694,-0.008000000000000007
Italy,2023,TRUE,0.5658563492063495,0.806,-0.03599999999999992
Italy,2024,TRUE,0.751271031746032,0.784,-0.02200000000000002
Italy,2025,TRUE,0.8375099206349207,0.745,-0.039000000000000035
Ivory Coast,2000,TRUE,0.5348817460317463,0.274,-0.11499999999999999
Ivory Coast,2020,TRUE,0.8139904761904763,0.499,-0.03500000000000003
Ivory Coast,2021,TRUE,0.7746325396825399,0.435,-0.064
Ivory Coast,2022,TRUE,0.7271357142857143,0.443,0.008000000000000007
Ivory Coast,2025,TRUE,0.6688718253968255,0.394,-0.034999999999999976
Kazakhstan,1995,TRUE,0.6764214285714287,0.288,-0.015000000000000013
Kazakhstan,1996,TRUE,0.7242694444444445,0.283,-0.0050000000000000044
Kazakhstan,1997,TRUE,0.6620515873015871,0.295,0.01200000000000001
Kenya,2008,TRUE,0.5005007936507937,0.415,-0.09600000000000003
Kenya,2024,TRUE,0.5206464285714287,0.557,-0.0129999999999999
Kenya,2025,TRUE,0.5088746031746034,0.563,0.005999999999999894
Kosovo,2024,TRUE,0.6542242063492061,0.648,-0.028000000000000025
Kosovo,2025,TRUE,0.7617757936507933,0.631,-0.017000000000000015
Kuwait,2024,TRUE,0.5698277777777776,0.198,-0.11599999999999999
Kuwait,2025,TRUE,0.582245634920635,0.138,-0.06
Kyrgyzstan,1995,TRUE,0.6694265873015876,0.303,-0.016000000000000014
Kyrgyzstan,1996,TRUE,0.7056369047619048,0.295,-0.008000000000000007
Kyrgyzstan,1997,TRUE,0.7341150793650791,0.287,-0.008000000000000007
Kyrgyzstan,2008,TRUE,0.7050948412698413,0.306,-0.01100000000000001
Kyrgyzstan,2009,TRUE,0.9050055555555556,0.294,-0.01200000000000001
Kyrgyzstan,2014,TRUE,0.6016619047619046,0.446,-0.0010000000000000009
Kyrgyzstan,2019,TRUE,0.5195940476190476,0.441,-0.026000000000000023
Kyrgyzstan,2020,TRUE,0.9048956349206349,0.385,-0.055999999999999994
Kyrgyzstan,2021,TRUE,0.8805817460317459,0.41,0.024999999999999967
Kyrgyzstan,2022,TRUE,0.8878440476190473,0.38,-0.02999999999999997
Kyrgyzstan,2023,TRUE,0.8554321428571428,0.348,-0.03200000000000003
Kyrgyzstan,2024,TRUE,0.8625142857142859,0.321,-0.02699999999999997
Kyrgyzstan,2025,TRUE,0.8635678571428571,0.313,-0.008000000000000007
Latvia,2007,TRUE,0.546618650793651,0.793,-0.020999999999999908
Lebanon,2017,TRUE,0.5965285714285712,0.47,-0.009000000000000008
Lebanon,2018,TRUE,0.683926984126984,0.44,-0.02999999999999997
Lebanon,2019,TRUE,0.6893543650793652,0.429,-0.01100000000000001
Lebanon,2020,TRUE,0.5346746031746032,0.436,0.007000000000000006
Lebanon,2021,TRUE,0.5274849206349205,0.433,-0.0030000000000000027
Lebanon,2022,TRUE,0.6503349206349206,0.405,-0.02799999999999997
Lebanon,2023,TRUE,0.6220111111111113,0.361,-0.04400000000000004
Lebanon,2024,TRUE,0.710779761904762,0.347,-0.014000000000000012
Lesotho,2016,TRUE,0.7061492063492063,0.576,-0.02100000000000002
Lesotho,2017,TRUE,0.7233805555555556,0.501,-0.07499999999999996
Liberia,1996,TRUE,0.6574888888888888,0.15,-0.016000000000000014
Liberia,2013,TRUE,0.7055884920634922,0.618,-0.02200000000000002
Liberia,2014,TRUE,0.7066888888888889,0.611,-0.007000000000000006
Liberia,2015,TRUE,0.5755551587301587,0.611,0
Liberia,2018,TRUE,0.5458047619047619,0.621,0.0010000000000000009
Liberia,2019,TRUE,0.6194488095238093,0.623,0.0020000000000000018
Liberia,2020,TRUE,0.5226007936507936,0.633,0.010000000000000009
Libya,2015,TRUE,0.6586880952380951,0.285,0.004999999999999949
Libya,2016,TRUE,0.6702678571428569,0.285,0
Libya,2018,TRUE,0.5179055555555554,0.268,-0.0050000000000000044
Libya,2019,TRUE,0.5294956349206347,0.263,-0.0050000000000000044
Libya,2022,TRUE,0.5275345238095238,0.206,-0.010000000000000009
Libya,2023,TRUE,0.5466325396825398,0.196,-0.009999999999999981
Lithuania,2017,TRUE,0.5654253968253969,0.808,-0.016999999999999904
Lithuania,2018,TRUE,0.5501043650793649,0.818,0.009999999999999898
Lithuania,2021,TRUE,0.561364285714286,0.793,-0.009000000000000008
Lithuania,2025,TRUE,0.5732753968253967,0.786,-0.01200000000000001
Madagascar,1997,TRUE,0.8634357142857143,0.51,-0.038000000000000034
Madagascar,1998,TRUE,0.8372019841269841,0.507,-0.0030000000000000027
Madagascar,1999,TRUE,0.7761884920634919,0.503,-0.0040000000000000036
Madagascar,2002,TRUE,0.634536507936508,0.432,-0.062
Madagascar,2009,TRUE,0.845623015873016,0.272,-0.23199999999999998
Madagascar,2010,TRUE,0.8004174603174603,0.221,-0.05100000000000002
Madagascar,2011,TRUE,0.796947619047619,0.221,0
Madagascar,2019,TRUE,0.6039206349206351,0.478,-0.0030000000000000027
Madagascar,2020,TRUE,0.6142337301587301,0.486,0.008000000000000007
Madagascar,2021,TRUE,0.7564718253968253,0.479,-0.007000000000000006
Madagascar,2023,TRUE,0.7033392857142856,0.461,-0.01599999999999996
Madagascar,2024,TRUE,0.701654761904762,0.403,-0.057999999999999996
Madagascar,2025,TRUE,0.733304761904762,0.361,-0.04200000000000004
Malawi,1999,TRUE,0.5940265873015875,0.512,-0.05499999999999994
Malawi,2000,TRUE,0.5741448412698416,0.478,-0.03400000000000003
Malawi,2019,TRUE,0.693409126984127,0.48,-0.04800000000000004
Malaysia,2021,TRUE,0.6200035714285712,0.432,0.007000000000000006
Malaysia,2022,TRUE,0.5615690476190476,0.459,0.027000000000000024
Maldives,2012,TRUE,0.8346932539682541,0.543,-0.05699999999999994
Maldives,2013,TRUE,0.8954115079365083,0.453,-0.09000000000000002
Maldives,2014,TRUE,0.9092559523809524,0.407,-0.04600000000000004
Maldives,2015,TRUE,0.8879551587301588,0.38,-0.02699999999999997
Maldives,2016,TRUE,0.8534214285714288,0.365,-0.015000000000000013
Maldives,2017,TRUE,0.8711555555555557,0.353,-0.01200000000000001
Maldives,2025,TRUE,0.5997960317460317,0.556,-0.020999999999999908
Mali,1997,TRUE,0.5755710317460319,0.55,-0.04399999999999993
Mali,1998,TRUE,0.6311761904761904,0.519,-0.031000000000000028
Mali,1999,TRUE,0.5418214285714287,0.519,0
Mali,2012,TRUE,0.623826984126984,0.355,-0.256
Mali,2013,TRUE,0.7598051587301589,0.328,-0.02699999999999997
Mali,2014,TRUE,0.75173373015873,0.54,0.21200000000000002
Mali,2018,TRUE,0.7628265873015876,0.518,-0.02200000000000002
Mali,2019,TRUE,0.5794916666666668,0.516,-0.0020000000000000018
Mali,2020,TRUE,0.712761904761905,0.421,-0.09500000000000003
Mali,2021,TRUE,0.7795246031746033,0.243,-0.178
Mali,2022,TRUE,0.771738888888889,0.231,-0.011999999999999983
Mali,2023,TRUE,0.7461265873015873,0.229,-0.0020000000000000018
Mali,2024,TRUE,0.5748103174603174,0.192,-0.037000000000000005
Mali,2025,TRUE,0.5373615079365079,0.164,-0.027999999999999997
Malta,2013,TRUE,0.5377329365079364,0.793,-0.02399999999999991
Malta,2014,TRUE,0.657265079365079,0.778,-0.015000000000000013
Malta,2015,TRUE,0.633726587301587,0.778,0
Malta,2017,TRUE,0.5368365079365081,0.761,-0.016000000000000014
Malta,2018,TRUE,0.5567507936507936,0.754,-0.007000000000000006
Mauritania,2010,TRUE,0.5486674603174606,0.468,0.10400000000000004
Mauritania,2013,TRUE,0.7074277777777778,0.416,-0.05499999999999999
Mauritania,2014,TRUE,0.6356992063492065,0.422,0.006000000000000005
Mauritania,2015,TRUE,0.6533111111111112,0.431,0.009000000000000008
Mauritania,2017,TRUE,0.6972194444444443,0.389,-0.04199999999999998
Mauritania,2018,TRUE,0.5332242063492063,0.391,0.0020000000000000018
Mauritania,2023,TRUE,0.6964436507936509,0.368,-0.028000000000000025
Mauritania,2024,TRUE,0.7380273809523809,0.337,-0.030999999999999972
Mauritania,2025,TRUE,0.7332257936507934,0.328,-0.009000000000000008
Mauritius,2014,TRUE,0.6805170634920634,0.723,-0.015000000000000013
Mauritius,2015,TRUE,0.5655662698412699,0.737,0.014000000000000012
Mauritius,2019,TRUE,0.6551269841269844,0.694,-0.04500000000000004
Mauritius,2020,TRUE,0.867020634920635,0.549,-0.1449999999999999
Mauritius,2021,TRUE,0.8748329365079365,0.532,-0.017000000000000015
Mauritius,2022,TRUE,0.8936996031746031,0.501,-0.031000000000000028
Mauritius,2023,TRUE,0.9013706349206347,0.47,-0.031000000000000028
Mauritius,2024,TRUE,0.6792297619047623,0.495,0.025000000000000022
Mexico,2006,TRUE,0.6160571428571431,0.674,-0.03699999999999992
Mexico,2007,TRUE,0.6444126984126985,0.639,-0.03500000000000003
Mexico,2008,TRUE,0.5509210317460317,0.649,0.010000000000000009
Mexico,2013,TRUE,0.8533400793650797,0.623,-0.027000000000000024
Mexico,2014,TRUE,0.8189666666666668,0.621,-0.0020000000000000018
Mexico,2015,TRUE,0.5923468253968256,0.643,0.02200000000000002
Mexico,2019,TRUE,0.5949642857142856,0.684,0.009000000000000008
Mexico,2020,TRUE,0.7139428571428571,0.664,-0.020000000000000018
Mexico,2021,TRUE,0.9004023809523808,0.624,-0.040000000000000036
Mexico,2022,TRUE,0.9256198412698414,0.584,-0.040000000000000036
Mexico,2023,TRUE,0.9563488095238094,0.548,-0.03599999999999992
Mexico,2024,TRUE,0.9503646825396823,0.496,-0.052000000000000046
Mexico,2025,TRUE,0.9322686507936507,0.469,-0.027000000000000024
Moldova,2001,TRUE,0.8611718253968251,0.512,-0.06699999999999995
Moldova,2002,TRUE,0.8879964285714284,0.506,-0.006000000000000005
Moldova,2003,TRUE,0.83379246031746,0.506,0
Moldova,2005,TRUE,0.571248015873016,0.446,-0.06
Moldova,2006,TRUE,0.5026007936507937,0.435,-0.01100000000000001
Moldova,2014,TRUE,0.7798015873015872,0.623,-0.015000000000000013
Moldova,2015,TRUE,0.9056853174603174,0.57,-0.05300000000000005
Moldova,2016,TRUE,0.9096047619047617,0.529,-0.040999999999999925
Moldova,2017,TRUE,0.9304126984126985,0.503,-0.026000000000000023
Moldova,2018,TRUE,0.8800297619047621,0.506,0.0030000000000000027
Moldova,2024,TRUE,0.8166698412698411,0.622,-0.08999999999999997
Moldova,2025,TRUE,0.880909920634921,0.553,-0.06899999999999995
Mongolia,2000,TRUE,0.7990166666666664,0.674,-0.03299999999999992
Mongolia,2001,TRUE,0.7395103174603175,0.663,-0.01100000000000001
Mongolia,2002,TRUE,0.7244916666666666,0.671,0.008000000000000007
Mongolia,2018,TRUE,0.5302654761904761,0.653,-0.008000000000000007
Mongolia,2020,TRUE,0.7257753968253968,0.629,-0.02400000000000002
Mongolia,2021,TRUE,0.8089206349206348,0.609,-0.020000000000000018
Mongolia,2022,TRUE,0.8775242063492065,0.573,-0.03600000000000003
Mongolia,2023,TRUE,0.9137432539682541,0.534,-0.038999999999999924
Mongolia,2024,TRUE,0.8895492063492061,0.498,-0.03600000000000003
Mongolia,2025,TRUE,0.564623015873016,0.535,0.03700000000000003
Montenegro,2013,TRUE,0.5240329365079366,0.494,-0.02300000000000002
Mozambique,2010,TRUE,0.5535218253968253,0.425,-0.028000000000000025
Mozambique,2017,TRUE,0.7221019841269841,0.408,-0.025000000000000022
Mozambique,2018,TRUE,0.8029257936507936,0.4,-0.007999999999999952
Mozambique,2019,TRUE,0.7765559523809522,0.397,-0.0030000000000000027
Mozambique,2020,TRUE,0.8693999999999998,0.364,-0.03300000000000003
Mozambique,2021,TRUE,0.6225325396825399,0.367,0.0030000000000000027
Mozambique,2022,TRUE,0.6002154761904762,0.366,-0.0010000000000000009
Mozambique,2023,TRUE,0.6630682539682542,0.351,-0.015000000000000013
Mozambique,2024,TRUE,0.8829075396825395,0.31,-0.04099999999999998
Mozambique,2025,TRUE,0.8694265873015874,0.279,-0.030999999999999972
Namibia,2018,TRUE,0.6289519841269842,0.682,-0.026999999999999913
Namibia,2019,TRUE,0.8297765873015872,0.647,-0.03500000000000003
Namibia,2020,TRUE,0.7232753968253971,0.632,-0.015000000000000013
Namibia,2021,TRUE,0.7251753968253969,0.622,-0.010000000000000009
Nepal,2000,TRUE,0.6306134920634922,0.36,-0.028000000000000025
Nepal,2001,TRUE,0.683256349206349,0.352,-0.008000000000000007
Nepal,2002,TRUE,0.766927777777778,0.271,-0.08099999999999996
Nepal,2003,TRUE,0.6963543650793651,0.224,-0.047000000000000014
Nepal,2004,TRUE,0.6382765873015874,0.224,0
Nepal,2005,TRUE,0.5654948412698411,0.222,-0.0020000000000000018
Nepal,2012,TRUE,0.5426313492063494,0.39,-0.16600000000000004
Nepal,2013,TRUE,0.6814630952380955,0.28,-0.10999999999999999
Nepal,2019,TRUE,0.8271269841269844,0.606,-0.027000000000000024
Nepal,2020,TRUE,0.8669035714285716,0.598,-0.008000000000000007
Nepal,2021,TRUE,0.6028948412698408,0.609,0.01100000000000001
Netherlands,2024,TRUE,0.5807730158730159,0.823,-0.02400000000000002
New Zealand,2025,TRUE,0.5571313492063491,0.849,-0.019000000000000017
Nicaragua,1996,TRUE,0.5637761904761908,0.676,-0.0129999999999999
Nicaragua,1997,TRUE,0.8409873015873012,0.632,-0.04400000000000004
Nicaragua,1998,TRUE,0.7684940476190477,0.632,0
Nicaragua,1999,TRUE,0.8341555555555555,0.597,-0.03500000000000003
Nicaragua,2000,TRUE,0.707640873015873,0.586,-0.01100000000000001
Nicaragua,2001,TRUE,0.6658234126984126,0.588,0.0020000000000000018
Nicaragua,2006,TRUE,0.9411103174603175,0.563,-0.028000000000000025
Nicaragua,2007,TRUE,0.9645499999999999,0.457,-0.10599999999999993
Nicaragua,2008,TRUE,NA,0.445,-0.01200000000000001
Nicaragua,2009,TRUE,NA,0.441,-0.0040000000000000036
Nicaragua,2010,TRUE,NA,0.436,-0.0050000000000000044
Nicaragua,2011,TRUE,NA,0.425,-0.01100000000000001
Nicaragua,2012,TRUE,NA,0.371,-0.05399999999999999
Nicaragua,2013,TRUE,NA,0.319,-0.05199999999999999
Nicaragua,2014,TRUE,NA,0.319,0
Nicaragua,2015,TRUE,NA,0.318,-0.0010000000000000009
Nicaragua,2016,TRUE,NA,0.305,-0.013000000000000012
Nicaragua,2017,TRUE,NA,0.281,-0.023999999999999966
Nicaragua,2018,TRUE,NA,0.221,-0.060000000000000026
Nicaragua,2019,TRUE,NA,0.215,-0.006000000000000005
Nicaragua,2020,TRUE,NA,0.215,0
Nicaragua,2021,TRUE,NA,0.195,-0.01999999999999999
Nicaragua,2022,TRUE,NA,0.158,-0.037000000000000005
Nicaragua,2023,TRUE,NA,0.158,0
Nicaragua,2024,TRUE,NA,0.151,-0.007000000000000006
Nicaragua,2025,TRUE,NA,0.151,0
Niger,1996,TRUE,0.7585412698412699,0.292,-0.24000000000000005
Niger,1997,TRUE,0.7570166666666669,0.385,0.09300000000000003
Niger,1998,TRUE,0.7590865079365081,0.385,0
Niger,1999,TRUE,0.5623678571428573,0.255,-0.13
Niger,2009,TRUE,0.7606166666666669,0.421,-0.15499999999999997
Niger,2010,TRUE,0.6317218253968253,0.265,-0.15599999999999997
Niger,2016,TRUE,0.5529289682539685,0.573,-0.049000000000000044
Niger,2017,TRUE,0.7976051587301585,0.542,-0.030999999999999917
Niger,2018,TRUE,0.7908158730158732,0.53,-0.01200000000000001
Niger,2019,TRUE,0.7260341269841268,0.528,-0.0020000000000000018
Niger,2021,TRUE,0.5283313492063493,0.523,-0.02100000000000002
Niger,2022,TRUE,0.6596174603174605,0.504,-0.019000000000000017
Niger,2023,TRUE,0.6761507936507937,0.388,-0.11599999999999999
Niger,2024,TRUE,0.669411507936508,0.237,-0.15100000000000002
Niger,2025,TRUE,0.7220932539682541,0.227,-0.009999999999999981
Nigeria,2019,TRUE,0.831906746031746,0.52,-0.03500000000000003
Nigeria,2020,TRUE,0.8168710317460318,0.512,-0.008000000000000007
Nigeria,2021,TRUE,0.8754980158730159,0.488,-0.02400000000000002
Nigeria,2022,TRUE,0.8010107142857142,0.49,0.0020000000000000018
Nigeria,2023,TRUE,0.6900011904761906,0.484,-0.006000000000000005
North Macedonia,2001,TRUE,0.6878095238095239,0.445,-0.014000000000000012
North Macedonia,2006,TRUE,0.5858730158730161,0.597,-0.006000000000000005
North Macedonia,2007,TRUE,0.7817718253968254,0.584,-0.013000000000000012
North Macedonia,2008,TRUE,0.8854238095238094,0.553,-0.030999999999999917
North Macedonia,2009,TRUE,0.9435619047619048,0.528,-0.025000000000000022
North Macedonia,2010,TRUE,0.8913170634920634,0.526,-0.0020000000000000018
North Macedonia,2011,TRUE,NA,0.478,-0.04800000000000004
North Macedonia,2012,TRUE,NA,0.45,-0.02799999999999997
North Macedonia,2013,TRUE,NA,0.448,-0.0020000000000000018
North Macedonia,2014,TRUE,NA,0.447,-0.0010000000000000009
North Macedonia,2015,TRUE,NA,0.44,-0.007000000000000006
North Macedonia,2016,TRUE,NA,0.449,0.009000000000000008
North Macedonia,2022,TRUE,0.8562150793650796,0.56,-0.03199999999999992
North Macedonia,2023,TRUE,0.8210039682539685,0.562,0.0020000000000000018
North Macedonia,2024,TRUE,0.7186039682539682,0.557,-0.0050000000000000044
Pakistan,1999,TRUE,0.5673670634920635,0.34,-0.05099999999999999
Pakistan,2000,TRUE,0.5927174603174602,0.205,-0.13500000000000004
Pakistan,2001,TRUE,0.5037976190476189,0.203,-0.001999999999999974
Pakistan,2002,TRUE,0.5190888888888889,0.243,0.03999999999999998
Pakistan,2015,TRUE,0.7041071428571429,0.441,-0.02799999999999997
Pakistan,2016,TRUE,0.7225503968253968,0.429,-0.01200000000000001
Pakistan,2017,TRUE,0.719924603174603,0.419,-0.010000000000000009
Pakistan,2018,TRUE,0.6318944444444445,0.395,-0.023999999999999966
Pakistan,2019,TRUE,0.7200964285714286,0.368,-0.027000000000000024
Pakistan,2023,TRUE,0.8605496031746032,0.334,-0.044999999999999984
Pakistan,2024,TRUE,0.8319214285714284,0.313,-0.02100000000000002
Pakistan,2025,TRUE,0.8063003968253966,0.302,-0.01100000000000001
Palestine/Gaza,2015,TRUE,0.5367801587301585,0.119,-0.01100000000000001
Palestine/West Bank,2007,TRUE,0.7903242063492064,0.323,-0.178
Palestine/West Bank,2008,TRUE,0.7673738095238095,0.234,-0.089
Palestine/West Bank,2009,TRUE,0.6941178571428569,0.242,0.00799999999999998
Palestine/West Bank,2020,TRUE,0.5701869047619045,0.242,-0.030000000000000027
Palestine/West Bank,2021,TRUE,0.7356142857142857,0.235,-0.007000000000000006
Palestine/West Bank,2022,TRUE,0.7105662698412698,0.229,-0.005999999999999978
Palestine/West Bank,2023,TRUE,0.6005968253968254,0.229,0
Papua New Guinea,2010,TRUE,0.5302416666666667,0.475,-0.0030000000000000027
Papua New Guinea,2012,TRUE,0.6809638888888889,0.46,-0.011999999999999955
Papua New Guinea,2013,TRUE,0.5506376984126985,0.448,-0.01200000000000001
Paraguay,2012,TRUE,0.7236206349206351,0.608,-0.02200000000000002
Paraguay,2013,TRUE,0.905298412698413,0.585,-0.02300000000000002
Paraguay,2014,TRUE,0.860939285714286,0.595,0.010000000000000009
Paraguay,2015,TRUE,0.7955218253968257,0.593,-0.0020000000000000018
Paraguay,2024,TRUE,0.6118198412698412,0.581,0.0050000000000000044
Paraguay,2025,TRUE,0.6225388888888888,0.581,0
Peru,1991,TRUE,0.7553424603174606,0.59,-0.02200000000000002
Peru,1992,TRUE,0.84057380952381,0.249,-0.34099999999999997
Peru,1993,TRUE,0.8330583333333336,0.252,0.0030000000000000027
Peru,1994,TRUE,0.8375944444444444,0.246,-0.006000000000000005
Peru,1995,TRUE,0.5621353174603174,0.285,0.03899999999999998
Peru,2016,TRUE,0.6590496031746036,0.788,-0.028999999999999915
Peru,2017,TRUE,0.5229952380952381,0.789,0.0010000000000000009
Peru,2021,TRUE,0.7138734126984126,0.771,-0.04699999999999993
Peru,2022,TRUE,0.810854365079365,0.733,-0.038000000000000034
Peru,2023,TRUE,0.9179119047619047,0.7,-0.03300000000000003
Peru,2024,TRUE,0.9227035714285712,0.642,-0.05799999999999994
Peru,2025,TRUE,0.8628000000000001,0.667,0.025000000000000022
Philippines,2001,TRUE,0.7043527777777778,0.545,-0.039999999999999925
Philippines,2002,TRUE,0.6746869047619048,0.531,-0.014000000000000012
Philippines,2003,TRUE,0.6063988095238095,0.529,-0.0020000000000000018
Philippines,2004,TRUE,0.7519829365079365,0.486,-0.04300000000000004
Philippines,2005,TRUE,0.7051769841269844,0.463,-0.022999999999999965
Philippines,2006,TRUE,0.6369623015873016,0.463,0
Philippines,2016,TRUE,0.8544825396825397,0.485,-0.03700000000000003
Philippines,2017,TRUE,0.9077738095238096,0.469,-0.016000000000000014
Philippines,2018,TRUE,0.9199095238095238,0.45,-0.01899999999999996
Philippines,2019,TRUE,0.9096206349206349,0.428,-0.02200000000000002
Philippines,2020,TRUE,0.8931940476190476,0.405,-0.022999999999999965
Philippines,2021,TRUE,0.701048015873016,0.411,0.00599999999999995
Philippines,2022,TRUE,0.6224476190476192,0.411,0
Philippines,2025,TRUE,0.6015246031746035,0.392,-0.01899999999999996
Poland,2015,TRUE,0.678281746031746,0.876,-0.006000000000000005
Poland,2016,TRUE,NA,0.731,-0.14500000000000002
Poland,2017,TRUE,NA,0.698,-0.03300000000000003
Poland,2018,TRUE,NA,0.694,-0.0040000000000000036
Poland,2019,TRUE,NA,0.682,-0.0119999999999999
Poland,2020,TRUE,NA,0.616,-0.06600000000000006
Poland,2021,TRUE,NA,0.587,-0.029000000000000026
Poland,2022,TRUE,NA,0.578,-0.009000000000000008
Portugal,2020,TRUE,0.601272619047619,0.886,0
Portugal,2021,TRUE,0.639631746031746,0.884,-0.0020000000000000018
Portugal,2022,TRUE,0.801248015873016,0.847,-0.03700000000000003
Portugal,2023,TRUE,0.7252793650793651,0.854,0.007000000000000006
Portugal,2024,TRUE,0.6645650793650794,0.836,-0.018000000000000016
Portugal,2025,TRUE,0.6608734126984127,0.822,-0.014000000000000012
Republic of the Congo,1997,TRUE,0.7635182539682542,0.243,-0.20700000000000002
Republic of the Congo,1998,TRUE,0.7286428571428573,0.165,-0.07799999999999999
Republic of the Congo,1999,TRUE,0.7143376984126982,0.165,0
Romania,2001,TRUE,0.5953249999999998,0.597,-0.014000000000000012
Romania,2017,TRUE,0.7637960317460314,0.695,-0.038000000000000034
Romania,2018,TRUE,0.8553301587301585,0.692,-0.0030000000000000027
Romania,2019,TRUE,0.7051956349206351,0.75,0.05800000000000005
Romania,2022,TRUE,0.7152587301587299,0.691,-0.07500000000000007
Romania,2023,TRUE,0.881572222222222,0.677,-0.013999999999999901
Romania,2024,TRUE,0.9182932539682539,0.628,-0.049000000000000044
Romania,2025,TRUE,0.8305841269841269,0.605,-0.02300000000000002
Russia,2000,TRUE,NA,0.403,-0.057999999999999996
Russia,2001,TRUE,NA,0.374,-0.029000000000000026
Russia,2002,TRUE,NA,0.354,-0.020000000000000018
Russia,2003,TRUE,NA,0.339,-0.014999999999999958
Russia,2004,TRUE,NA,0.321,-0.018000000000000016
Russia,2005,TRUE,NA,0.32,-0.0010000000000000009
Russia,2006,TRUE,NA,0.322,0.0020000000000000018
Russia,2007,TRUE,NA,0.316,-0.006000000000000005
Russia,2008,TRUE,NA,0.302,-0.014000000000000012
Russia,2009,TRUE,0.5579988095238093,0.309,0.007000000000000006
Russia,2012,TRUE,NA,0.278,-0.020999999999999963
Russia,2013,TRUE,NA,0.276,-0.0020000000000000018
Russia,2014,TRUE,NA,0.264,-0.01200000000000001
Russia,2015,TRUE,NA,0.265,0.0010000000000000009
Russia,2016,TRUE,NA,0.263,-0.0020000000000000018
Russia,2017,TRUE,NA,0.261,-0.0020000000000000018
Russia,2018,TRUE,NA,0.264,0.0030000000000000027
Russia,2019,TRUE,NA,0.259,-0.0050000000000000044
Russia,2020,TRUE,NA,0.255,-0.0040000000000000036
Russia,2021,TRUE,NA,0.245,-0.010000000000000009
Russia,2022,TRUE,NA,0.206,-0.03900000000000001
Russia,2023,TRUE,NA,0.19,-0.015999999999999986
Russia,2024,TRUE,NA,0.171,-0.01899999999999999
Russia,2025,TRUE,NA,0.17,-0.0010000000000000009
Rwanda,1994,TRUE,0.6199440476190473,0.143,-0.04400000000000001
Rwanda,1995,TRUE,0.56983373015873,0.104,-0.03899999999999999
Rwanda,2024,TRUE,0.5777988095238094,0.201,-0.010999999999999982
Rwanda,2025,TRUE,0.5317571428571427,0.193,-0.008000000000000007
Sao Tome and Principe,2024,TRUE,0.6726234126984126,0.632,-0.01200000000000001
Senegal,2017,TRUE,0.617329365079365,0.701,-0.025000000000000022
Senegal,2018,TRUE,0.6833944444444444,0.688,-0.013000000000000012
Senegal,2019,TRUE,0.6143734126984127,0.697,0.009000000000000008
Senegal,2023,TRUE,0.8050781746031748,0.625,-0.061000000000000054
Senegal,2024,TRUE,0.812696031746032,0.605,-0.020000000000000018
Senegal,2025,TRUE,0.6538769841269843,0.633,0.028000000000000025
Serbia,1991,TRUE,0.5618559523809527,0.164,-0.036000000000000004
Serbia,2010,TRUE,0.7306702380952381,0.61,-0.013000000000000012
Serbia,2011,TRUE,0.6241531746031747,0.607,-0.0030000000000000027
Serbia,2012,TRUE,NA,0.593,-0.014000000000000012
Serbia,2013,TRUE,NA,0.502,-0.09099999999999997
Serbia,2014,TRUE,NA,0.44,-0.062
Serbia,2015,TRUE,NA,0.422,-0.018000000000000016
Serbia,2016,TRUE,NA,0.411,-0.01100000000000001
Serbia,2017,TRUE,NA,0.376,-0.034999999999999976
Serbia,2018,TRUE,NA,0.354,-0.02200000000000002
Serbia,2019,TRUE,NA,0.365,0.01100000000000001
Serbia,2020,TRUE,NA,0.349,-0.016000000000000014
Serbia,2021,TRUE,NA,0.336,-0.012999999999999956
Serbia,2022,TRUE,NA,0.357,0.020999999999999963
Serbia,2023,TRUE,NA,0.36,0.0030000000000000027
Serbia,2024,TRUE,NA,0.315,-0.044999999999999984
Serbia,2025,TRUE,NA,0.3,-0.015000000000000013
Sierra Leone,2008,TRUE,0.5853948412698415,0.517,-0.02200000000000002
Sierra Leone,2023,TRUE,0.696074603174603,0.512,-0.05799999999999994
Sierra Leone,2024,TRUE,0.7594543650793651,0.471,-0.041000000000000036
Sierra Leone,2025,TRUE,0.7340992063492064,0.471,0
Slovakia,1996,TRUE,0.7907765873015875,0.702,0
Slovakia,2006,TRUE,0.5049571428571428,0.82,-0.025000000000000022
Slovakia,2013,TRUE,0.5622246031746031,0.835,-0.009000000000000008
Slovakia,2014,TRUE,0.6190900793650792,0.834,-0.0010000000000000009
Slovakia,2023,TRUE,0.7100702380952381,0.812,-0.02499999999999991
Slovakia,2024,TRUE,0.8975436507936507,0.746,-0.06600000000000006
Slovakia,2025,TRUE,0.895206746031746,0.733,-0.013000000000000012
Slovenia,2005,TRUE,0.5199607142857142,0.822,-0.0030000000000000027
Slovenia,2012,TRUE,0.5811833333333334,0.847,-0.016000000000000014
Slovenia,2017,TRUE,0.5355063492063492,0.84,-0.02100000000000002
Slovenia,2018,TRUE,0.619688492063492,0.83,-0.010000000000000009
Slovenia,2019,TRUE,0.6502460317460317,0.814,-0.016000000000000014
Slovenia,2020,TRUE,0.9039920634920634,0.752,-0.061999999999999944
Slovenia,2021,TRUE,0.9020916666666668,0.715,-0.03700000000000003
Slovenia,2022,TRUE,0.5280813492063493,0.808,0.09300000000000008
Slovenia,2025,TRUE,0.7740242063492064,0.692,-0.03300000000000003
Solomon Islands,2000,TRUE,0.7213488095238094,0.356,-0.15500000000000003
Solomon Islands,2001,TRUE,0.6713424603174603,0.273,-0.08299999999999996
Somaliland,2013,TRUE,0.563815476190476,0.402,-0.033999999999999975
Somaliland,2014,TRUE,0.6130603174603175,0.401,-0.0010000000000000009
Somaliland,2015,TRUE,0.6215805555555555,0.401,0
South Africa,2019,TRUE,0.5089575396825394,0.727,-0.020000000000000018
South Korea,2008,TRUE,0.9107734126984128,0.759,-0.07499999999999996
South Korea,2009,TRUE,0.8648940476190475,0.759,0
South Korea,2010,TRUE,0.8662789682539682,0.762,0.0030000000000000027
South Korea,2013,TRUE,0.7913273809523811,0.716,-0.03700000000000003
South Korea,2014,TRUE,0.7749785714285715,0.705,-0.01100000000000001
South Korea,2015,TRUE,0.713836507936508,0.705,0
South Korea,2022,TRUE,0.8000646825396828,0.802,-0.04999999999999993
South Korea,2023,TRUE,0.9049178571428573,0.722,-0.08000000000000007
South Korea,2024,TRUE,0.8086547619047619,0.724,0.0020000000000000018
South Sudan,2014,TRUE,0.5376166666666665,0.164,-0.0050000000000000044
South Sudan,2015,TRUE,0.527088492063492,0.166,0.0020000000000000018
Spain,2013,TRUE,0.6223880952380954,0.875,-0.014000000000000012
Spain,2014,TRUE,0.599315873015873,0.871,-0.0040000000000000036
Spain,2015,TRUE,0.5292257936507937,0.856,-0.015000000000000013
Spain,2023,TRUE,0.560620634920635,0.846,-0.02100000000000002
Spain,2024,TRUE,0.5402261904761907,0.826,-0.020000000000000018
Spain,2025,TRUE,0.5117853174603174,0.822,-0.0040000000000000036
Sri Lanka,2000,TRUE,0.6334091269841272,0.494,-0.03500000000000003
Sri Lanka,2005,TRUE,0.8605710317460324,0.435,-0.07800000000000001
Sri Lanka,2006,TRUE,0.9132011904761909,0.373,-0.062
Sri Lanka,2007,TRUE,0.8804301587301591,0.373,0
Sri Lanka,2008,TRUE,0.74874126984127,0.368,-0.0050000000000000044
Sri Lanka,2019,TRUE,0.6776809523809523,0.564,-0.04800000000000004
Sri Lanka,2020,TRUE,0.8599988095238098,0.579,0.015000000000000013
Sri Lanka,2021,TRUE,0.876470634920635,0.572,-0.007000000000000006
Sri Lanka,2022,TRUE,0.5959750000000001,0.602,0.030000000000000027
Sudan,1991,TRUE,0.5312158730158728,0.086,0
Suriname,1991,TRUE,0.5105126984126985,0.45,-0.27599999999999997
Suriname,2019,TRUE,0.5105345238095236,0.741,-0.007000000000000006
Taiwan,2021,TRUE,0.5249162698412699,0.82,0
Taiwan,2024,TRUE,0.5863650793650792,0.804,-0.018999999999999906
Taiwan,2025,TRUE,0.5686940476190477,0.801,-0.0030000000000000027
Tajikistan,1993,TRUE,0.6553396825396823,0.217,-0.061000000000000026
Tajikistan,1994,TRUE,0.7132813492063492,0.194,-0.022999999999999993
Tajikistan,1995,TRUE,0.6316682539682539,0.173,-0.02100000000000002
Tajikistan,2013,TRUE,0.5969825396825396,0.206,-0.016000000000000014
Tajikistan,2014,TRUE,0.5819440476190477,0.201,-0.004999999999999977
Tajikistan,2015,TRUE,0.7061642857142858,0.184,-0.017000000000000015
Tajikistan,2016,TRUE,0.5103269841269841,0.174,-0.010000000000000009
Tajikistan,2017,TRUE,0.5139535714285715,0.168,-0.005999999999999978
Tanzania,2015,TRUE,0.5822023809523809,0.453,-0.014000000000000012
Tanzania,2016,TRUE,0.7681436507936511,0.409,-0.04400000000000004
Tanzania,2017,TRUE,0.7260734126984127,0.401,-0.007999999999999952
Tanzania,2018,TRUE,0.8168369047619047,0.385,-0.016000000000000014
Tanzania,2019,TRUE,0.6427964285714286,0.383,-0.0020000000000000018
Tanzania,2020,TRUE,0.6690325396825396,0.383,0
Tanzania,2021,TRUE,0.5430444444444443,0.366,-0.017000000000000015
Tanzania,2025,TRUE,0.8030674603174602,0.365,-0.04799999999999999
Thailand,1991,TRUE,0.7368829365079368,0.209,-0.162
Thailand,1992,TRUE,0.5799075396825398,0.271,0.06200000000000003
Thailand,2005,TRUE,0.7108583333333336,0.507,-0.02300000000000002
Thailand,2006,TRUE,0.8276952380952385,0.227,-0.28
Thailand,2007,TRUE,0.7710253968253972,0.181,-0.04600000000000001
Thailand,2008,TRUE,0.6235539682539681,0.402,0.22100000000000003
Thailand,2014,TRUE,0.7908650793650795,0.162,-0.28400000000000003
Thailand,2015,TRUE,0.7717428571428574,0.16,-0.0020000000000000018
Thailand,2016,TRUE,0.7872821428571428,0.16,0
The Gambia,1994,TRUE,0.7726265873015875,0.207,-0.23500000000000001
The Gambia,1995,TRUE,0.6961138888888888,0.101,-0.10599999999999998
The Gambia,1996,TRUE,0.7261424603174605,0.13,0.028999999999999998
Timor-Leste,2016,TRUE,0.6185734126984129,0.628,-0.016000000000000014
Togo,1999,TRUE,0.515070238095238,0.297,-0.013000000000000012
Togo,2017,TRUE,0.6411222222222224,0.442,-0.02999999999999997
Togo,2018,TRUE,0.8046146825396825,0.428,-0.014000000000000012
Togo,2019,TRUE,0.8262329365079362,0.395,-0.032999999999999974
Togo,2020,TRUE,0.5130384920634921,0.424,0.02899999999999997
Togo,2021,TRUE,0.6103071428571427,0.396,-0.02799999999999997
Togo,2023,TRUE,0.7832674603174602,0.389,-0.010000000000000009
Togo,2024,TRUE,0.8553738095238096,0.35,-0.039000000000000035
Togo,2025,TRUE,0.8283416666666664,0.351,0.0010000000000000009
Tunisia,2021,TRUE,0.7856492063492062,0.535,-0.17699999999999994
Tunisia,2022,TRUE,0.7798055555555558,0.283,-0.25200000000000006
Tunisia,2023,TRUE,0.8152285714285715,0.432,0.14900000000000002
Tunisia,2024,TRUE,0.8402742063492061,0.422,-0.010000000000000009
Tunisia,2025,TRUE,0.5993440476190476,0.395,-0.02699999999999997
Türkiye,2007,TRUE,0.7944345238095238,0.616,-0.027000000000000024
Türkiye,2008,TRUE,0.9249067460317459,0.554,-0.061999999999999944
Türkiye,2009,TRUE,0.9224579365079364,0.545,-0.009000000000000008
Türkiye,2010,TRUE,NA,0.525,-0.020000000000000018
Türkiye,2011,TRUE,NA,0.522,-0.0030000000000000027
Türkiye,2012,TRUE,NA,0.508,-0.014000000000000012
Türkiye,2013,TRUE,NA,0.469,-0.039000000000000035
Türkiye,2014,TRUE,NA,0.426,-0.04299999999999998
Türkiye,2015,TRUE,NA,0.388,-0.03799999999999998
Türkiye,2016,TRUE,NA,0.308,-0.08000000000000002
Türkiye,2017,TRUE,NA,0.29,-0.018000000000000016
Türkiye,2018,TRUE,NA,0.295,0.0050000000000000044
Türkiye,2019,TRUE,NA,0.289,-0.006000000000000005
Türkiye,2023,TRUE,NA,0.285,0
Türkiye,2024,TRUE,NA,0.289,0.0040000000000000036
Türkiye,2025,TRUE,NA,0.293,0.0040000000000000036
Uganda,2001,TRUE,0.6637734126984128,0.27,-0.033999999999999975
Uganda,2002,TRUE,0.7283396825396828,0.262,-0.008000000000000007
Uganda,2003,TRUE,0.6590734126984129,0.257,-0.0050000000000000044
Uganda,2015,TRUE,0.5560714285714284,0.3,-0.0050000000000000044
Uganda,2016,TRUE,0.8118944444444443,0.289,-0.01100000000000001
Uganda,2017,TRUE,0.5805182539682541,0.291,0.0020000000000000018
Uganda,2018,TRUE,0.6717380952380952,0.283,-0.008000000000000007
Uganda,2021,TRUE,0.6327253968253967,0.274,-0.010999999999999954
Uganda,2023,TRUE,0.6173992063492061,0.259,-0.010000000000000009
Uganda,2025,TRUE,0.5720579365079365,0.253,-0.008000000000000007
Ukraine,1996,TRUE,0.5485297619047619,0.543,-0.009000000000000008
Ukraine,1997,TRUE,0.8592365079365082,0.523,-0.020000000000000018
Ukraine,1998,TRUE,0.8430166666666665,0.448,-0.07500000000000001
Ukraine,1999,TRUE,0.8593714285714287,0.422,-0.026000000000000023
Ukraine,2000,TRUE,0.8013869047619047,0.389,-0.032999999999999974
Ukraine,2001,TRUE,0.7057571428571427,0.384,-0.0050000000000000044
Ukraine,2002,TRUE,0.5195083333333333,0.394,0.010000000000000009
Ukraine,2004,TRUE,0.5071551587301588,0.383,-0.009000000000000008
Ukraine,2010,TRUE,NA,0.484,-0.12
Ukraine,2011,TRUE,NA,0.483,-0.0010000000000000009
Ukraine,2012,TRUE,NA,0.479,-0.0040000000000000036
Ukraine,2013,TRUE,NA,0.459,-0.019999999999999962
Ukraine,2014,TRUE,NA,0.417,-0.04200000000000004
Ukraine,2015,TRUE,0.6806011904761908,0.42,0.0030000000000000027
Ukraine,2016,TRUE,0.6462916666666666,0.433,0.013000000000000012
Ukraine,2022,TRUE,0.8088269841269844,0.392,-0.14500000000000002
Ukraine,2023,TRUE,0.7521583333333336,0.39,-0.0020000000000000018
Ukraine,2024,TRUE,0.7574880952380956,0.387,-0.0030000000000000027
United Kingdom,2021,TRUE,0.5290932539682539,0.857,-0.014000000000000012
United Kingdom,2023,TRUE,0.5398615079365079,0.852,0.008000000000000007
United Kingdom,2024,TRUE,0.5603900793650795,0.832,-0.020000000000000018
United Kingdom,2025,TRUE,0.6916952380952383,0.772,-0.05999999999999994
United States of America,2001,TRUE,0.5320361111111114,0.828,-0.039000000000000035
United States of America,2016,TRUE,0.5581091269841272,0.885,-0.015000000000000013
United States of America,2017,TRUE,NA,0.834,-0.051000000000000045
United States of America,2018,TRUE,NA,0.824,-0.010000000000000009
United States of America,2019,TRUE,NA,0.818,-0.006000000000000005
United States of America,2020,TRUE,NA,0.815,-0.0030000000000000027
United States of America,2021,TRUE,NA,0.821,0.006000000000000005
United States of America,2025,TRUE,NA,0.735,-0.10799999999999998
Uruguay,2020,TRUE,0.5362111111111113,0.867,-0.029000000000000026
Uruguay,2021,TRUE,0.644357142857143,0.852,-0.015000000000000013
Uruguay,2022,TRUE,0.8082357142857144,0.818,-0.03400000000000003
Uruguay,2023,TRUE,0.7124464285714287,0.833,0.015000000000000013
Uruguay,2024,TRUE,0.5999952380952381,0.846,0.013000000000000012
Uzbekistan,1994,TRUE,0.6176706349206349,0.187,-0.01200000000000001
Uzbekistan,1995,TRUE,0.514154761904762,0.165,-0.021999999999999992
Vanuatu,1992,TRUE,0.5449388888888891,0.615,-0.07200000000000006
Vanuatu,2025,TRUE,0.6065412698412698,0.729,-0.07100000000000006
Venezuela,1999,TRUE,NA,0.665,-0.06499999999999995
Venezuela,2000,TRUE,NA,0.573,-0.09200000000000008
Venezuela,2001,TRUE,NA,0.529,-0.04399999999999993
Venezuela,2002,TRUE,NA,0.495,-0.03400000000000003
Venezuela,2003,TRUE,NA,0.487,-0.008000000000000007
Venezuela,2004,TRUE,NA,0.475,-0.01200000000000001
Venezuela,2005,TRUE,NA,0.474,-0.0010000000000000009
Venezuela,2006,TRUE,NA,0.45,-0.023999999999999966
Venezuela,2007,TRUE,NA,0.434,-0.016000000000000014
Venezuela,2008,TRUE,NA,0.432,-0.0020000000000000018
Venezuela,2009,TRUE,NA,0.431,-0.0010000000000000009
Venezuela,2010,TRUE,NA,0.419,-0.01200000000000001
Venezuela,2011,TRUE,NA,0.415,-0.0040000000000000036
Venezuela,2012,TRUE,NA,0.399,-0.01599999999999996
Venezuela,2013,TRUE,NA,0.327,-0.07200000000000001
Venezuela,2014,TRUE,NA,0.312,-0.015000000000000013
Venezuela,2015,TRUE,NA,0.3,-0.01200000000000001
Venezuela,2016,TRUE,NA,0.293,-0.007000000000000006
Venezuela,2017,TRUE,NA,0.233,-0.05999999999999997
Venezuela,2018,TRUE,NA,0.213,-0.020000000000000018
Venezuela,2019,TRUE,NA,0.209,-0.0040000000000000036
Venezuela,2020,TRUE,0.7759626984126987,0.206,-0.0030000000000000027
Venezuela,2024,TRUE,0.7541178571428572,0.196,-0.009999999999999981
Venezuela,2025,TRUE,0.753677380952381,0.181,-0.015000000000000013
Yemen,1995,TRUE,0.525077777777778,0.299,-0.019000000000000017
Yemen,1996,TRUE,0.5917067460317462,0.299,0
Yemen,1997,TRUE,0.5776317460317465,0.279,-0.019999999999999962
Yemen,2014,TRUE,0.656253968253968,0.3,-0.03600000000000003
Yemen,2015,TRUE,0.6784670634920636,0.184,-0.11599999999999999
Yemen,2016,TRUE,0.6326325396825395,0.113,-0.071
Yemen,2017,TRUE,0.6164789682539682,0.112,-0.0010000000000000009
Yemen,2018,TRUE,0.5204714285714287,0.113,0.0010000000000000009
Zambia,2011,TRUE,NA,0.503,-0.01100000000000001
Zambia,2012,TRUE,NA,0.503,0
Zambia,2013,TRUE,NA,0.485,-0.018000000000000016
Zambia,2014,TRUE,NA,0.478,-0.007000000000000006
Zambia,2015,TRUE,NA,0.458,-0.019999999999999962
Zambia,2016,TRUE,NA,0.397,-0.061
Zambia,2017,TRUE,NA,0.36,-0.03700000000000003
Zambia,2018,TRUE,NA,0.37,0.010000000000000009
Zambia,2019,TRUE,NA,0.358,-0.01200000000000001
Zambia,2020,TRUE,NA,0.353,-0.0050000000000000044
Zambia,2021,TRUE,NA,0.421,0.068
Zambia,2025,TRUE,0.7718436507936508,0.497,-0.015000000000000013
Zanzibar,2015,TRUE,0.6884083333333333,0.299,-0.030000000000000027
Zanzibar,2016,TRUE,0.7958944444444445,0.252,-0.046999999999999986
Zanzibar,2017,TRUE,0.7353500000000002,0.269,0.017000000000000015
Zanzibar,2018,TRUE,0.530242857142857,0.271,0.0020000000000000018
Zimbabwe,2000,TRUE,0.7831666666666668,0.284,-0.026000000000000023
Zimbabwe,2001,TRUE,0.764036507936508,0.267,-0.01699999999999996
Zimbabwe,2002,TRUE,0.7299424603174604,0.268,0.0010000000000000009
Zimbabwe,2020,TRUE,0.5375269841269843,0.299,-0.0050000000000000044
Zimbabwe,2021,TRUE,0.5542535714285715,0.297,-0.0020000000000000018
Zimbabwe,2022,TRUE,0.5375960317460318,0.292,-0.0050000000000000044
Zimbabwe,2023,TRUE,0.5343079365079366,0.296,0.0040000000000000036
Zimbabwe,2024,TRUE,0.813897222222222,0.272,-0.023999999999999966
Zimbabwe,2025,TRUE,0.7471158730158727,0.268,-0.0040000000000000036
