country_name,year,final_backslided,.pred_TRUE,v2x_polyarchy,diff_polyarchy
Afghanistan,2017,TRUE,0.547390476190476,0.334,-0.006000000000000005
Afghanistan,2018,TRUE,0.6326690476190476,0.33,-0.0040000000000000036
Afghanistan,2019,TRUE,0.5250797619047621,0.329,-0.0010000000000000009
Afghanistan,2021,TRUE,0.5678952380952383,0.144,-0.19200000000000003
Afghanistan,2022,TRUE,0.5201027777777778,0.076,-0.06799999999999999
Albania,1996,TRUE,0.5480555555555555,0.387,-0.03999999999999998
Albania,1997,TRUE,0.59620753968254,0.371,-0.016000000000000014
Albania,2013,TRUE,0.6600039682539686,0.523,-0.017000000000000015
Albania,2014,TRUE,0.5624833333333334,0.522,-0.0010000000000000009
Albania,2015,TRUE,0.6011337301587304,0.518,-0.0040000000000000036
Albania,2019,TRUE,0.6527182539682541,0.511,-0.013000000000000012
Albania,2022,TRUE,0.5119333333333332,0.517,-0.009000000000000008
Albania,2023,TRUE,0.8447182539682536,0.505,-0.01200000000000001
Albania,2024,TRUE,0.9037051587301584,0.51,0.0050000000000000044
Albania,2025,TRUE,0.9669821428571428,0.484,-0.026000000000000023
Algeria,1992,TRUE,0.5210035714285711,0.188,-0.16199999999999998
Algeria,1993,TRUE,0.6551067460317461,0.173,-0.015000000000000013
Algeria,1994,TRUE,0.5833801587301589,0.179,0.006000000000000005
Algeria,2022,TRUE,0.5416369047619048,0.269,-0.012999999999999956
Algeria,2023,TRUE,0.5299396825396825,0.265,-0.0040000000000000036
Argentina,2003,TRUE,0.6487948412698411,0.807,-0.018999999999999906
Argentina,2004,TRUE,0.6679944444444446,0.795,-0.01200000000000001
Argentina,2005,TRUE,0.6168964285714285,0.793,-0.0020000000000000018
Argentina,2006,TRUE,0.5429230158730158,0.78,-0.013000000000000012
Argentina,2008,TRUE,0.765427380952381,0.766,-0.015000000000000013
Argentina,2009,TRUE,0.6419456349206348,0.756,-0.010000000000000009
Argentina,2010,TRUE,0.5807722222222219,0.746,-0.010000000000000009
Argentina,2024,TRUE,0.8274277777777779,0.721,-0.11699999999999999
Argentina,2025,TRUE,0.8059615079365077,0.69,-0.031000000000000028
Armenia,1995,TRUE,0.6690503968253969,0.489,-0.09499999999999997
Armenia,1996,TRUE,0.7002615079365077,0.419,-0.07
Armenia,1997,TRUE,0.637697222222222,0.392,-0.02699999999999997
Armenia,1998,TRUE,0.6891777777777776,0.404,0.01200000000000001
Armenia,1999,TRUE,0.6689003968253967,0.413,0.008999999999999952
Armenia,2000,TRUE,0.6904567460317463,0.416,0.0030000000000000027
Armenia,2003,TRUE,0.612830952380952,0.349,-0.05600000000000005
Armenia,2004,TRUE,0.5999904761904763,0.34,-0.008999999999999952
Armenia,2008,TRUE,0.5373702380952379,0.317,-0.02999999999999997
Armenia,2021,TRUE,0.5063801587301584,0.724,-0.05700000000000005
Armenia,2022,TRUE,0.862961507936508,0.654,-0.06999999999999995
Armenia,2023,TRUE,0.8818281746031745,0.631,-0.02300000000000002
Armenia,2024,TRUE,0.8149547619047618,0.625,-0.006000000000000005
Armenia,2025,TRUE,0.8323269841269839,0.614,-0.01100000000000001
Australia,2013,TRUE,0.5206603174603173,0.862,-0.03400000000000003
Australia,2014,TRUE,0.5177742063492065,0.855,-0.007000000000000006
Australia,2015,TRUE,0.5144492063492067,0.865,0.010000000000000009
Australia,2019,TRUE,0.5819170634920637,0.825,-0.03500000000000003
Australia,2021,TRUE,0.5033293650793652,0.828,-0.009000000000000008
Austria,2022,TRUE,0.6946464285714286,0.841,-0.013000000000000012
Austria,2024,TRUE,0.5905698412698415,0.84,-0.008000000000000007
Azerbaijan,1994,TRUE,0.6180059523809521,0.249,-0.056999999999999995
Azerbaijan,1995,TRUE,0.7999222222222221,0.247,-0.0020000000000000018
Azerbaijan,1996,TRUE,0.7129690476190472,0.235,-0.01200000000000001
Bahrain,2011,TRUE,0.7391690476190476,0.171,-0.044999999999999984
Bahrain,2012,TRUE,0.7094658730158729,0.162,-0.009000000000000008
Bahrain,2013,TRUE,0.6770563492063489,0.162,0
Bangladesh,2002,TRUE,0.5501849206349201,0.47,-0.03500000000000003
Bangladesh,2007,TRUE,0.6921480158730158,0.205,-0.218
Bangladesh,2008,TRUE,0.6038876984126984,0.21,0.0050000000000000044
Bangladesh,2012,TRUE,0.5357242063492064,0.409,-0.007000000000000006
Bangladesh,2013,TRUE,0.6288527777777773,0.376,-0.032999999999999974
Bangladesh,2014,TRUE,0.8066476190476187,0.278,-0.09799999999999998
Bangladesh,2015,TRUE,0.729179761904762,0.275,-0.0030000000000000027
Bangladesh,2016,TRUE,0.6893234126984128,0.269,-0.006000000000000005
Bangladesh,2018,TRUE,0.5323626984126982,0.252,-0.013000000000000012
Belarus,1995,TRUE,0.9545273809523808,0.501,-0.04500000000000004
Belarus,1996,TRUE,0.9667535714285713,0.443,-0.057999999999999996
Belarus,1997,TRUE,0.8489757936507938,0.369,-0.07400000000000001
Belarus,1998,TRUE,0.7910277777777778,0.343,-0.025999999999999968
Belarus,1999,TRUE,0.7585345238095239,0.332,-0.01100000000000001
Belarus,2000,TRUE,0.6470289682539679,0.296,-0.03600000000000003
Belarus,2001,TRUE,0.6159666666666666,0.247,-0.04899999999999999
Belarus,2002,TRUE,0.5241583333333332,0.243,-0.0040000000000000036
Belarus,2020,TRUE,0.7860837301587299,0.208,-0.05100000000000002
Belarus,2021,TRUE,0.752588492063492,0.172,-0.036000000000000004
Belarus,2022,TRUE,0.6861043650793648,0.171,-9.999999999999731e-4
Benin,2011,TRUE,0.6560535714285713,0.599,-0.03600000000000003
Benin,2012,TRUE,0.5345916666666667,0.596,-0.0030000000000000027
Benin,2013,TRUE,0.6976674603174602,0.603,0.007000000000000006
Benin,2018,TRUE,0.8303246031746029,0.606,-0.10699999999999998
Benin,2019,TRUE,0.9308321428571429,0.452,-0.15399999999999997
Benin,2020,TRUE,0.9082051587301585,0.408,-0.04400000000000004
Benin,2021,TRUE,0.9082480158730156,0.39,-0.01799999999999996
Benin,2022,TRUE,0.7557329365079363,0.423,0.032999999999999974
Bhutan,2013,TRUE,0.52229246031746,0.573,-0.02400000000000002
Bhutan,2014,TRUE,0.5824646825396824,0.564,-0.009000000000000008
Bhutan,2015,TRUE,0.5292011904761905,0.568,0.0040000000000000036
Bhutan,2022,TRUE,0.7771269841269839,0.558,-0.015999999999999903
Bhutan,2023,TRUE,0.7981984126984123,0.532,-0.026000000000000023
Bolivia,2006,TRUE,0.9021666666666666,0.724,-0.02200000000000002
Bolivia,2007,TRUE,NA,0.719,-0.0050000000000000044
Bolivia,2008,TRUE,NA,0.719,0
Bolivia,2009,TRUE,NA,0.714,-0.0050000000000000044
Bolivia,2010,TRUE,NA,0.68,-0.03399999999999992
Bolivia,2011,TRUE,NA,0.677,-0.0030000000000000027
Bolivia,2012,TRUE,NA,0.67,-0.007000000000000006
Bolivia,2013,TRUE,NA,0.658,-0.01200000000000001
Bolivia,2014,TRUE,NA,0.647,-0.01100000000000001
Bolivia,2015,TRUE,NA,0.609,-0.038000000000000034
Bolivia,2016,TRUE,NA,0.62,0.01100000000000001
Bolivia,2017,TRUE,NA,0.609,-0.01100000000000001
Bolivia,2018,TRUE,NA,0.593,-0.016000000000000014
Bolivia,2019,TRUE,NA,0.456,-0.13699999999999996
Bolivia,2020,TRUE,0.9105115079365077,0.275,-0.181
Bolivia,2022,TRUE,0.5063761904761903,0.587,-0.02100000000000002
Bolivia,2024,TRUE,0.933282142857143,0.577,-0.009000000000000008
Bolivia,2025,TRUE,0.6526468253968253,0.605,0.028000000000000025
Bosnia and Herzegovina,2006,TRUE,0.6483797619047621,0.626,-0.02100000000000002
Bosnia and Herzegovina,2007,TRUE,0.8368757936507938,0.566,-0.06000000000000005
Bosnia and Herzegovina,2008,TRUE,0.6598059523809525,0.562,-0.0039999999999998925
Bosnia and Herzegovina,2009,TRUE,0.5486642857142856,0.56,-0.0020000000000000018
Bosnia and Herzegovina,2015,TRUE,0.5376488095238093,0.547,-0.010000000000000009
Bosnia and Herzegovina,2016,TRUE,0.6782789682539682,0.547,0
Bosnia and Herzegovina,2017,TRUE,0.580423412698413,0.541,-0.006000000000000005
Bosnia and Herzegovina,2018,TRUE,0.6686567460317461,0.513,-0.028000000000000025
Bosnia and Herzegovina,2020,TRUE,0.6383718253968255,0.517,0.0020000000000000018
Botswana,2015,TRUE,0.6309353174603174,0.69,-0.02100000000000002
Botswana,2017,TRUE,0.6692103174603169,0.675,-0.010000000000000009
Botswana,2019,TRUE,0.647626587301587,0.656,-0.016000000000000014
Botswana,2020,TRUE,0.7800007936507933,0.589,-0.06700000000000006
Botswana,2021,TRUE,0.8112928571428571,0.587,-0.0020000000000000018
Botswana,2022,TRUE,0.7925623015873017,0.573,-0.014000000000000012
Botswana,2023,TRUE,0.6245603174603176,0.564,-0.009000000000000008
Brazil,2016,TRUE,NA,0.781,-0.07999999999999996
Brazil,2017,TRUE,NA,0.774,-0.007000000000000006
Brazil,2018,TRUE,NA,0.749,-0.025000000000000022
Brazil,2019,TRUE,NA,0.691,-0.05800000000000005
Brazil,2020,TRUE,NA,0.699,0.008000000000000007
Brazil,2021,TRUE,NA,0.69,-0.009000000000000008
Brazil,2022,TRUE,NA,0.699,0.009000000000000008
Bulgaria,2009,TRUE,0.809953968253968,0.691,-0.020000000000000018
Bulgaria,2010,TRUE,0.7645416666666667,0.674,-0.016999999999999904
Bulgaria,2011,TRUE,0.7567615079365076,0.672,-0.0020000000000000018
Bulgaria,2012,TRUE,0.6826575396825395,0.664,-0.008000000000000007
Bulgaria,2013,TRUE,0.7381519841269845,0.657,-0.007000000000000006
Bulgaria,2017,TRUE,0.9015638888888886,0.624,-0.04300000000000004
Bulgaria,2018,TRUE,0.8684333333333336,0.612,-0.01200000000000001
Bulgaria,2019,TRUE,0.8515246031746033,0.609,-0.0030000000000000027
Bulgaria,2020,TRUE,0.7797468253968252,0.607,-0.0020000000000000018
Bulgaria,2023,TRUE,0.5709988095238098,0.659,-0.020000000000000018
Bulgaria,2024,TRUE,0.795602380952381,0.645,-0.014000000000000012
Bulgaria,2025,TRUE,0.9236761904761904,0.599,-0.04600000000000004
Burkina Faso,2015,TRUE,0.6107944444444445,0.376,-0.19299999999999995
Burkina Faso,2019,TRUE,0.7329575396825395,0.657,-0.009000000000000008
Burkina Faso,2021,TRUE,0.6118337301587301,0.634,-0.028000000000000025
Burkina Faso,2022,TRUE,0.6779527777777777,0.275,-0.359
Burkina Faso,2023,TRUE,0.7777119047619048,0.212,-0.06300000000000003
Burkina Faso,2024,TRUE,0.767763888888889,0.154,-0.057999999999999996
Burkina Faso,2025,TRUE,0.7703904761904763,0.134,-0.01999999999999999
Burma/Myanmar,2021,TRUE,0.692218253968254,0.102,-0.324
Burma/Myanmar,2022,TRUE,0.6054087301587301,0.087,-0.015
Burma/Myanmar,2023,TRUE,0.5476400793650795,0.077,-0.009999999999999995
Burundi,2010,TRUE,0.7791071428571424,0.323,-0.07400000000000001
Burundi,2011,TRUE,0.7593706349206346,0.287,-0.03600000000000003
Burundi,2012,TRUE,0.6880043650793648,0.287,0
Burundi,2013,TRUE,0.8144369047619048,0.278,-0.008999999999999952
Burundi,2014,TRUE,0.7786373015873015,0.27,-0.008000000000000007
Burundi,2015,TRUE,0.797236507936508,0.196,-0.07400000000000001
Burundi,2016,TRUE,0.7839511904761906,0.166,-0.03
Burundi,2017,TRUE,0.6763150793650792,0.157,-0.009000000000000008
Burundi,2018,TRUE,0.5087420634920635,0.157,0
Cambodia,2017,TRUE,0.7080734126984126,0.234,-0.04100000000000001
Cambodia,2018,TRUE,0.6844027777777776,0.211,-0.02300000000000002
Cambodia,2019,TRUE,0.6413912698412696,0.194,-0.016999999999999987
Cameroon,2017,TRUE,0.5319603174603172,0.298,-0.009000000000000008
Cameroon,2018,TRUE,0.7441492063492063,0.293,-0.0050000000000000044
Cameroon,2019,TRUE,0.5687353174603175,0.28,-0.012999999999999956
Cameroon,2025,TRUE,0.6795730158730154,0.26,-0.017000000000000015
Canada,2020,TRUE,0.6675261904761906,0.849,-0.0010000000000000009
Canada,2021,TRUE,0.6450611111111111,0.843,-0.006000000000000005
Canada,2022,TRUE,0.5749563492063493,0.848,0.0050000000000000044
Canada,2023,TRUE,0.5591126984126984,0.847,-0.0010000000000000009
Cape Verde,2018,TRUE,0.508215476190476,0.783,-0.014000000000000012
Cape Verde,2021,TRUE,0.7198305555555556,0.775,-0.018000000000000016
Cape Verde,2022,TRUE,0.8256198412698413,0.754,-0.02100000000000002
Cape Verde,2023,TRUE,0.8270444444444445,0.75,-0.0040000000000000036
Cape Verde,2024,TRUE,0.721067857142857,0.752,0.0020000000000000018
Cape Verde,2025,TRUE,0.717289285714286,0.745,-0.007000000000000006
Central African Republic,2003,TRUE,0.6554384920634919,0.245,-0.09600000000000003
Central African Republic,2004,TRUE,0.7016325396825397,0.221,-0.023999999999999994
Central African Republic,2005,TRUE,0.6921480158730158,0.294,0.07299999999999998
Central African Republic,2013,TRUE,0.7006115079365077,0.272,-0.044999999999999984
Central African Republic,2019,TRUE,0.511393253968254,0.379,-0.027000000000000024
Central African Republic,2020,TRUE,0.633438095238095,0.374,-0.0050000000000000044
Central African Republic,2021,TRUE,0.7190551587301585,0.343,-0.030999999999999972
Central African Republic,2022,TRUE,0.6891749999999999,0.326,-0.017000000000000015
Central African Republic,2023,TRUE,0.6922051587301584,0.301,-0.025000000000000022
Central African Republic,2024,TRUE,0.6326932539682533,0.299,-0.0020000000000000018
Central African Republic,2025,TRUE,0.6424448412698409,0.293,-0.006000000000000005
Chad,2021,TRUE,0.5884162698412697,0.177,-0.09100000000000003
Chad,2022,TRUE,0.7493317460317459,0.145,-0.032
Chad,2023,TRUE,0.6340440476190475,0.148,0.0030000000000000027
Chile,2018,TRUE,0.6270305555555554,0.87,-0.019000000000000017
Chile,2019,TRUE,0.7222591269841269,0.829,-0.041000000000000036
Chile,2020,TRUE,0.6652150793650795,0.837,0.008000000000000007
Chile,2021,TRUE,0.5346349206349207,0.841,0.0040000000000000036
Colombia,2002,TRUE,0.5868511904761905,0.534,-0.008000000000000007
Colombia,2018,TRUE,0.8569670634920634,0.666,-0.014000000000000012
Colombia,2019,TRUE,0.87083373015873,0.651,-0.015000000000000013
Colombia,2020,TRUE,0.939188492063492,0.643,-0.008000000000000007
Colombia,2025,TRUE,0.5669777777777775,0.679,-0.018999999999999906
Comoros,1996,TRUE,0.5103888888888889,0.317,-0.08300000000000002
Comoros,2000,TRUE,0.6957484126984126,0.218,-0.07799999999999999
Comoros,2001,TRUE,0.629849206349206,0.221,0.0030000000000000027
Comoros,2015,TRUE,0.5858626984126982,0.395,-0.07200000000000001
Comoros,2016,TRUE,0.716329365079365,0.385,-0.010000000000000009
Comoros,2017,TRUE,0.8382408730158729,0.38,-0.0050000000000000044
Comoros,2018,TRUE,0.8566357142857146,0.367,-0.013000000000000012
Comoros,2019,TRUE,0.8653599206349206,0.305,-0.062
Comoros,2020,TRUE,0.9025805555555554,0.28,-0.024999999999999967
Comoros,2021,TRUE,0.8222797619047618,0.28,0
Comoros,2022,TRUE,0.5385892857142854,0.272,-0.008000000000000007
Croatia,2004,TRUE,0.618234126984127,0.757,-0.01200000000000001
Croatia,2013,TRUE,0.6417115079365082,0.828,-0.02300000000000002
Croatia,2014,TRUE,0.7844865079365081,0.823,-0.0050000000000000044
Croatia,2015,TRUE,0.7934936507936508,0.816,-0.007000000000000006
Croatia,2016,TRUE,0.8037301587301586,0.765,-0.050999999999999934
Croatia,2017,TRUE,0.8002777777777779,0.739,-0.026000000000000023
Croatia,2018,TRUE,0.8300801587301586,0.729,-0.010000000000000009
Croatia,2019,TRUE,0.6373428571428569,0.734,0.0050000000000000044
Croatia,2021,TRUE,0.5072980158730157,0.747,-0.009000000000000008
Croatia,2022,TRUE,0.628978174603175,0.724,-0.02300000000000002
Croatia,2023,TRUE,0.7409626984126984,0.725,0.0010000000000000009
Croatia,2024,TRUE,0.7827638888888888,0.71,-0.015000000000000013
Croatia,2025,TRUE,0.7437289682539682,0.686,-0.02399999999999991
Cyprus,2019,TRUE,0.52770873015873,0.84,0.0040000000000000036
Cyprus,2020,TRUE,0.5943416666666664,0.807,-0.03299999999999992
Cyprus,2021,TRUE,0.5933825396825397,0.795,-0.01200000000000001
Cyprus,2022,TRUE,0.6858873015873015,0.779,-0.016000000000000014
Czechia,2013,TRUE,0.5494055555555557,0.863,-0.028000000000000025
Czechia,2014,TRUE,0.6208623015873017,0.852,-0.01100000000000001
Czechia,2015,TRUE,0.6800805555555555,0.852,0
Czechia,2017,TRUE,0.6569543650793652,0.833,-0.019000000000000017
Czechia,2018,TRUE,0.6947178571428575,0.81,-0.02299999999999991
Czechia,2019,TRUE,0.6634801587301586,0.8,-0.010000000000000009
Democratic Republic of the Congo,2013,TRUE,0.7265059523809523,0.319,-0.0020000000000000018
Democratic Republic of the Congo,2014,TRUE,0.5771071428571432,0.318,-0.0010000000000000009
Democratic Republic of the Congo,2015,TRUE,0.5585750000000002,0.316,-0.0020000000000000018
Democratic Republic of the Congo,2017,TRUE,0.5977456349206347,0.304,-0.0010000000000000009
Democratic Republic of the Congo,2023,TRUE,0.8412575396825396,0.333,-0.0030000000000000027
Democratic Republic of the Congo,2024,TRUE,0.5869325396825396,0.308,-0.025000000000000022
Democratic Republic of the Congo,2025,TRUE,0.7008424603174602,0.306,-0.0020000000000000018
Dominican Republic,1991,TRUE,0.5522523809523809,0.43,-0.030000000000000027
Dominican Republic,1992,TRUE,0.5663349206349204,0.43,0
Dominican Republic,2011,TRUE,0.5128714285714284,0.623,-0.0020000000000000018
Dominican Republic,2013,TRUE,0.7298753968253969,0.6,-0.01200000000000001
Dominican Republic,2014,TRUE,0.6540071428571429,0.6,0
Dominican Republic,2015,TRUE,0.7362031746031743,0.59,-0.010000000000000009
Dominican Republic,2016,TRUE,0.6743952380952383,0.571,-0.019000000000000017
Dominican Republic,2017,TRUE,0.7055281746031746,0.559,-0.0119999999999999
Ecuador,2001,TRUE,0.5402583333333334,0.689,0
Ecuador,2007,TRUE,0.7385829365079363,0.671,-0.02199999999999991
Ecuador,2008,TRUE,0.8482761904761901,0.634,-0.03700000000000003
Ecuador,2009,TRUE,NA,0.613,-0.02100000000000002
Ecuador,2010,TRUE,NA,0.588,-0.025000000000000022
Ecuador,2011,TRUE,NA,0.581,-0.007000000000000006
Ecuador,2012,TRUE,NA,0.586,0.0050000000000000044
Ecuador,2013,TRUE,NA,0.538,-0.04799999999999993
Ecuador,2014,TRUE,NA,0.534,-0.0040000000000000036
Ecuador,2015,TRUE,NA,0.533,-0.0010000000000000009
Ecuador,2016,TRUE,NA,0.54,0.007000000000000006
Ecuador,2017,TRUE,NA,0.552,0.01200000000000001
Ecuador,2018,TRUE,0.5273972222222221,0.641,0.08899999999999997
Ecuador,2019,TRUE,0.5668869047619045,0.617,-0.02400000000000002
Ecuador,2021,TRUE,0.7299472222222222,0.625,-0.0010000000000000009
Ecuador,2022,TRUE,0.667420238095238,0.661,0.03600000000000003
Ecuador,2023,TRUE,NA,0.641,-0.020000000000000018
Ecuador,2024,TRUE,NA,0.641,0
Ecuador,2025,TRUE,NA,0.607,-0.03400000000000003
Egypt,2011,TRUE,0.5191591269841267,0.204,-0.008000000000000007
Egypt,2013,TRUE,0.6329484126984126,0.187,-0.11099999999999999
Egypt,2014,TRUE,0.6933333333333332,0.137,-0.04999999999999999
Egypt,2015,TRUE,0.6575226190476188,0.156,0.01899999999999999
El Salvador,2009,TRUE,NA,0.594,0.03299999999999992
El Salvador,2010,TRUE,NA,0.613,0.019000000000000017
El Salvador,2011,TRUE,NA,0.613,0
El Salvador,2012,TRUE,NA,0.615,0.0020000000000000018
El Salvador,2013,TRUE,NA,0.626,0.01100000000000001
El Salvador,2014,TRUE,NA,0.665,0.039000000000000035
El Salvador,2015,TRUE,NA,0.658,-0.007000000000000006
El Salvador,2016,TRUE,NA,0.659,0.0010000000000000009
El Salvador,2017,TRUE,NA,0.672,0.013000000000000012
El Salvador,2018,TRUE,0.8293015873015871,0.631,-0.041000000000000036
El Salvador,2019,TRUE,0.8921503968253967,0.599,-0.03200000000000003
El Salvador,2020,TRUE,0.921910714285714,0.518,-0.08099999999999996
El Salvador,2021,TRUE,0.9286650793650794,0.403,-0.11499999999999999
El Salvador,2022,TRUE,0.933759523809524,0.378,-0.025000000000000022
El Salvador,2023,TRUE,NA,0.377,-0.0010000000000000009
El Salvador,2024,TRUE,NA,0.335,-0.04199999999999998
El Salvador,2025,TRUE,NA,0.321,-0.014000000000000012
Eswatini,2021,TRUE,0.5494615079365079,0.12,-0.01200000000000001
Ethiopia,2022,TRUE,0.7508615079365075,0.3,0.010000000000000009
Ethiopia,2023,TRUE,0.7796634920634918,0.279,-0.020999999999999963
Ethiopia,2024,TRUE,0.7911289682539683,0.26,-0.019000000000000017
Ethiopia,2025,TRUE,0.664131746031746,0.257,-0.0030000000000000027
Fiji,2000,TRUE,0.9111075396825395,0.344,-0.19800000000000006
Fiji,2001,TRUE,0.766774603174603,0.256,-0.08799999999999997
Fiji,2002,TRUE,0.7517369047619046,0.317,0.061
Fiji,2006,TRUE,0.7986023809523807,0.395,-0.135
Fiji,2007,TRUE,0.6566944444444441,0.134,-0.261
Fiji,2008,TRUE,0.6089793650793648,0.131,-0.0030000000000000027
Fiji,2009,TRUE,0.5952777777777774,0.129,-0.0020000000000000018
Finland,2023,TRUE,0.6571174603174602,0.853,-0.016000000000000014
Finland,2024,TRUE,0.688127380952381,0.827,-0.026000000000000023
Finland,2025,TRUE,0.6157841269841272,0.852,0.025000000000000022
Gabon,2018,TRUE,0.5432293650793649,0.386,-0.01200000000000001
Gabon,2019,TRUE,0.7533230158730155,0.377,-0.009000000000000008
Gabon,2020,TRUE,0.616039285714285,0.368,-0.009000000000000008
Gabon,2023,TRUE,0.6150099206349204,0.325,-0.03699999999999998
Gabon,2024,TRUE,0.6924666666666666,0.227,-0.098
Georgia,2007,TRUE,0.5591091269841267,0.539,-0.009000000000000008
Georgia,2008,TRUE,0.7759123015873014,0.495,-0.04400000000000004
Georgia,2009,TRUE,0.6962555555555553,0.491,-0.0040000000000000036
Georgia,2010,TRUE,0.7158238095238093,0.496,0.0050000000000000044
Georgia,2019,TRUE,0.6703718253968254,0.627,-0.03600000000000003
Georgia,2020,TRUE,0.7600837301587301,0.616,-0.01100000000000001
Georgia,2021,TRUE,0.7857813492063495,0.604,-0.01200000000000001
Georgia,2022,TRUE,0.5611039682539682,0.607,0.0030000000000000027
Georgia,2023,TRUE,0.6539365079365079,0.591,-0.016000000000000014
Georgia,2024,TRUE,0.9774920634920633,0.48,-0.11099999999999999
Georgia,2025,TRUE,0.9314214285714287,0.401,-0.07899999999999996
Ghana,2013,TRUE,0.6820468253968255,0.75,-0.02100000000000002
Ghana,2014,TRUE,0.706,0.746,-0.0040000000000000036
Ghana,2015,TRUE,0.5065357142857143,0.739,-0.007000000000000006
Ghana,2021,TRUE,0.706990476190476,0.659,-0.05899999999999994
Ghana,2022,TRUE,0.6591099206349206,0.663,0.0040000000000000036
Ghana,2023,TRUE,0.6292829365079361,0.657,-0.006000000000000005
Greece,2015,TRUE,0.5908873015873015,0.88,-0.009000000000000008
Greece,2016,TRUE,0.5444932539682539,0.872,-0.008000000000000007
Greece,2017,TRUE,0.5363904761904761,0.868,-0.0040000000000000036
Greece,2019,TRUE,NA,0.864,0.0050000000000000044
Greece,2020,TRUE,NA,0.788,-0.07599999999999996
Greece,2021,TRUE,NA,0.76,-0.028000000000000025
Greece,2022,TRUE,NA,0.762,0.0020000000000000018
Greece,2023,TRUE,NA,0.735,-0.027000000000000024
Greece,2024,TRUE,NA,0.744,0.009000000000000008
Greece,2025,TRUE,NA,0.741,-0.0030000000000000027
Guatemala,2012,TRUE,0.5872539682539685,0.576,-0.0050000000000000044
Guatemala,2018,TRUE,0.685178968253968,0.602,-0.019000000000000017
Guatemala,2019,TRUE,0.9194142857142855,0.597,-0.0050000000000000044
Guatemala,2020,TRUE,0.8577662698412697,0.589,-0.008000000000000007
Guatemala,2021,TRUE,0.8966488095238095,0.555,-0.03399999999999992
Guatemala,2022,TRUE,0.943338095238095,0.509,-0.04600000000000004
Guatemala,2023,TRUE,0.8990178571428571,0.506,-0.0030000000000000027
Guinea,2009,TRUE,0.6416567460317463,0.177,-0.09400000000000003
Guinea,2019,TRUE,0.6637750000000002,0.36,-0.013000000000000012
Guinea,2020,TRUE,0.8083849206349206,0.295,-0.065
Guinea,2021,TRUE,0.7526420634920632,0.258,-0.03699999999999998
Guinea,2022,TRUE,0.7256682539682537,0.172,-0.08600000000000002
Guinea,2023,TRUE,0.5095924603174605,0.169,-0.002999999999999975
Guinea-Bissau,2003,TRUE,0.531004761904762,0.376,-0.057999999999999996
Guinea-Bissau,2012,TRUE,0.8000242063492061,0.328,-0.121
Guinea-Bissau,2013,TRUE,0.664063095238095,0.288,-0.040000000000000036
Guinea-Bissau,2022,TRUE,0.6973396825396825,0.377,-0.15800000000000003
Guinea-Bissau,2023,TRUE,0.6007944444444446,0.428,0.05099999999999999
Guinea-Bissau,2024,TRUE,0.7393626984126983,0.279,-0.14899999999999997
Guinea-Bissau,2025,TRUE,0.7090432539682541,0.252,-0.027000000000000024
Guyana,2019,TRUE,0.6478746031746027,0.64,-0.02400000000000002
Guyana,2020,TRUE,0.7704158730158729,0.555,-0.08499999999999996
Guyana,2021,TRUE,0.8293456349206347,0.498,-0.05700000000000005
Guyana,2022,TRUE,0.7907313492063489,0.491,-0.007000000000000006
Guyana,2023,TRUE,0.8460662698412698,0.484,-0.007000000000000006
Haiti,1994,TRUE,0.6564674603174603,0.232,0.025000000000000022
Haiti,2004,TRUE,0.714136904761905,0.249,-0.15899999999999997
Haiti,2005,TRUE,0.6168857142857145,0.247,-0.0020000000000000018
Haiti,2011,TRUE,0.6858103174603175,0.431,-0.028000000000000025
Haiti,2012,TRUE,0.5131710317460316,0.438,0.007000000000000006
Haiti,2013,TRUE,0.5253079365079367,0.434,-0.0040000000000000036
Haiti,2015,TRUE,0.5842007936507934,0.425,-0.009000000000000008
Haiti,2021,TRUE,0.8067246031746029,0.33,-0.07
Haiti,2022,TRUE,0.7095007936507937,0.233,-0.097
Haiti,2023,TRUE,0.6256119047619046,0.231,-0.0020000000000000018
Haiti,2024,TRUE,0.5879111111111112,0.237,0.005999999999999978
Haiti,2025,TRUE,0.547120238095238,0.238,0.0010000000000000009
Honduras,2009,TRUE,0.883204365079365,0.441,-0.07800000000000001
Honduras,2010,TRUE,0.8713738095238094,0.408,-0.03300000000000003
Honduras,2011,TRUE,0.8370682539682539,0.419,0.01100000000000001
Honduras,2012,TRUE,0.6271884920634916,0.418,-0.0010000000000000009
Honduras,2017,TRUE,0.651110317460317,0.414,-0.01100000000000001
Honduras,2018,TRUE,0.5865730158730158,0.361,-0.05299999999999999
Honduras,2019,TRUE,0.6713388888888885,0.368,0.007000000000000006
Honduras,2025,TRUE,0.5704119047619048,0.511,-0.027000000000000024
Hong Kong,2016,TRUE,0.585438095238095,0.333,-0.011999999999999955
Hong Kong,2017,TRUE,0.5480634920634918,0.325,-0.008000000000000007
Hong Kong,2019,TRUE,0.6704404761904763,0.3,-0.018000000000000016
Hong Kong,2020,TRUE,0.8070484126984125,0.255,-0.044999999999999984
Hong Kong,2021,TRUE,0.7724944444444445,0.205,-0.05000000000000002
Hong Kong,2022,TRUE,0.7588031746031746,0.16,-0.044999999999999984
Hong Kong,2023,TRUE,0.7223543650793653,0.149,-0.01100000000000001
Hungary,2006,TRUE,0.5938833333333332,0.831,-0.01200000000000001
Hungary,2010,TRUE,NA,0.808,-0.041999999999999926
Hungary,2011,TRUE,NA,0.778,-0.030000000000000027
Hungary,2012,TRUE,NA,0.773,-0.0050000000000000044
Hungary,2013,TRUE,NA,0.738,-0.03500000000000003
Hungary,2014,TRUE,NA,0.669,-0.06899999999999995
Hungary,2015,TRUE,NA,0.617,-0.052000000000000046
Hungary,2016,TRUE,NA,0.613,-0.0040000000000000036
Hungary,2017,TRUE,NA,0.555,-0.05799999999999994
Hungary,2018,TRUE,NA,0.481,-0.07400000000000007
Hungary,2019,TRUE,NA,0.466,-0.014999999999999958
Hungary,2020,TRUE,NA,0.46,-0.006000000000000005
Hungary,2021,TRUE,NA,0.45,-0.010000000000000009
Hungary,2022,TRUE,NA,0.447,-0.0030000000000000027
Hungary,2023,TRUE,NA,0.434,-0.013000000000000012
Hungary,2024,TRUE,NA,0.444,0.010000000000000009
Hungary,2025,TRUE,NA,0.421,-0.02300000000000002
Iceland,2025,TRUE,0.5169230158730159,0.807,-0.03499999999999992
India,2009,TRUE,0.6125869047619045,0.683,-0.03799999999999992
India,2010,TRUE,0.6512059523809521,0.671,-0.01200000000000001
India,2011,TRUE,0.5929313492063489,0.671,0
India,2012,TRUE,0.5330047619047619,0.659,-0.01200000000000001
India,2013,TRUE,0.5578841269841267,0.65,-0.009000000000000008
India,2014,TRUE,0.8882988095238092,0.617,-0.03300000000000003
India,2015,TRUE,0.9531361111111111,0.543,-0.07399999999999995
India,2016,TRUE,0.9555888888888888,0.524,-0.019000000000000017
India,2017,TRUE,0.9552341269841269,0.488,-0.03600000000000003
India,2018,TRUE,0.9093456349206347,0.482,-0.006000000000000005
India,2019,TRUE,0.9339130952380952,0.43,-0.05199999999999999
India,2020,TRUE,0.9071801587301586,0.39,-0.03999999999999998
India,2021,TRUE,0.8462547619047618,0.398,0.008000000000000007
India,2022,TRUE,0.6629174603174599,0.384,-0.014000000000000012
India,2023,TRUE,0.5903749999999998,0.374,-0.010000000000000009
India,2024,TRUE,0.6006349206349205,0.381,0.007000000000000006
India,2025,TRUE,0.6490595238095233,0.377,-0.0040000000000000036
Indonesia,2013,TRUE,0.6606007936507934,0.668,-0.017000000000000015
Indonesia,2014,TRUE,0.6585515873015871,0.658,-0.010000000000000009
Indonesia,2015,TRUE,0.5808765873015873,0.654,-0.0040000000000000036
Indonesia,2016,TRUE,0.7353123015873014,0.639,-0.015000000000000013
Indonesia,2017,TRUE,0.8310623015873013,0.627,-0.01200000000000001
Indonesia,2018,TRUE,0.9120972222222219,0.599,-0.028000000000000025
Indonesia,2019,TRUE,0.79222619047619,0.596,-0.0030000000000000027
Indonesia,2020,TRUE,0.8173174603174601,0.566,-0.030000000000000027
Indonesia,2021,TRUE,0.814826587301587,0.545,-0.020999999999999908
Indonesia,2022,TRUE,0.67770555555555545,0.561,0.016000000000000014
Indonesia,2023,TRUE,0.8295079365079364,0.538,-0.02300000000000002
Indonesia,2024,TRUE,0.7632678571428567,0.496,-0.04200000000000004
Indonesia,2025,TRUE,0.9080571428571428,0.462,-0.033999999999999975
Iran,2005,TRUE,0.6334749999999999,0.177,-0.03
Iran,2006,TRUE,0.672476587301587,0.173,-0.0040000000000000036
Iran,2007,TRUE,0.5302142857142861,0.173,0
Iran,2019,TRUE,0.5098623015873017,0.181,-0.0010000000000000009
Iran,2020,TRUE,0.5014289682539682,0.165,-0.015999999999999986
Iran,2021,TRUE,0.6548623015873013,0.158,-0.007000000000000006
Iran,2022,TRUE,0.6551396825396824,0.148,-0.010000000000000009
Iran,2023,TRUE,0.5617496031746034,0.153,0.0050000000000000044
Iraq,2013,TRUE,0.8259095238095236,0.414,0.0040000000000000036
Iraq,2014,TRUE,0.7588047619047619,0.403,-0.010999999999999954
Iraq,2015,TRUE,0.5565384920634923,0.396,-0.007000000000000006
Iraq,2019,TRUE,0.5497956349206347,0.393,-0.0050000000000000044
Iraq,2020,TRUE,0.5501531746031741,0.376,-0.017000000000000015
Iraq,2022,TRUE,0.6702591269841266,0.385,0.01100000000000001
Israel,2013,TRUE,0.5109825396825395,0.734,-0.017000000000000015
Israel,2018,TRUE,0.5112853174603176,0.705,-0.009000000000000008
Israel,2019,TRUE,0.553707142857143,0.708,0.0030000000000000027
Israel,2023,TRUE,0.6600670634920638,0.704,-0.010000000000000009
Israel,2024,TRUE,0.7134531746031746,0.702,-0.0020000000000000018
Israel,2025,TRUE,0.8411615079365081,0.694,-0.008000000000000007
Italy,2023,TRUE,0.679225,0.806,-0.03599999999999992
Italy,2024,TRUE,0.7491567460317462,0.784,-0.02200000000000002
Italy,2025,TRUE,0.885984126984127,0.745,-0.039000000000000035
Ivory Coast,2000,TRUE,0.5429678571428569,0.274,-0.11499999999999999
Ivory Coast,2020,TRUE,0.7999396825396827,0.499,-0.03500000000000003
Ivory Coast,2021,TRUE,0.7727575396825399,0.435,-0.064
Ivory Coast,2022,TRUE,0.7919956349206343,0.443,0.008000000000000007
Ivory Coast,2025,TRUE,0.6383678571428569,0.394,-0.034999999999999976
Japan,2013,TRUE,0.511256349206349,0.815,-0.03300000000000003
Kazakhstan,1995,TRUE,0.7941313492063489,0.288,-0.015000000000000013
Kazakhstan,1996,TRUE,0.8020757936507933,0.283,-0.0050000000000000044
Kazakhstan,1997,TRUE,0.7457876984126983,0.295,0.01200000000000001
Kenya,2008,TRUE,0.6062746031746031,0.415,-0.09600000000000003
Kenya,2009,TRUE,0.5365924603174603,0.416,0.0010000000000000009
Kosovo,2024,TRUE,0.7253857142857142,0.648,-0.028000000000000025
Kosovo,2025,TRUE,0.7620265873015871,0.631,-0.017000000000000015
Kuwait,2024,TRUE,0.6518103174603174,0.198,-0.11599999999999999
Kuwait,2025,TRUE,0.5698281746031745,0.138,-0.06
Kyrgyzstan,1996,TRUE,0.5841011904761904,0.295,-0.008000000000000007
Kyrgyzstan,1997,TRUE,0.5991015873015872,0.287,-0.008000000000000007
Kyrgyzstan,2008,TRUE,0.8182174603174602,0.306,-0.01100000000000001
Kyrgyzstan,2009,TRUE,0.9272075396825397,0.294,-0.01200000000000001
Kyrgyzstan,2014,TRUE,0.5989781746031748,0.446,-0.0010000000000000009
Kyrgyzstan,2019,TRUE,0.5428714285714286,0.441,-0.026000000000000023
Kyrgyzstan,2020,TRUE,0.9130051587301588,0.385,-0.055999999999999994
Kyrgyzstan,2021,TRUE,0.8535174603174603,0.41,0.024999999999999967
Kyrgyzstan,2022,TRUE,0.8872730158730158,0.38,-0.02999999999999997
Kyrgyzstan,2023,TRUE,0.8588801587301587,0.348,-0.03200000000000003
Kyrgyzstan,2024,TRUE,0.8443075396825396,0.321,-0.02699999999999997
Kyrgyzstan,2025,TRUE,0.8467396825396825,0.313,-0.008000000000000007
Latvia,2006,TRUE,0.5907178571428571,0.814,-0.008000000000000007
Latvia,2007,TRUE,0.6917126984126981,0.793,-0.020999999999999908
Latvia,2017,TRUE,0.5098749999999999,0.833,-0.007000000000000006
Lebanon,2017,TRUE,0.6546940476190476,0.47,-0.009000000000000008
Lebanon,2018,TRUE,0.7628805555555557,0.44,-0.02999999999999997
Lebanon,2019,TRUE,0.6052607142857148,0.429,-0.01100000000000001
Lebanon,2020,TRUE,0.5398845238095238,0.436,0.007000000000000006
Lebanon,2022,TRUE,0.6384222222222219,0.405,-0.02799999999999997
Lebanon,2023,TRUE,0.6512341269841269,0.361,-0.04400000000000004
Lebanon,2024,TRUE,0.8104190476190475,0.347,-0.014000000000000012
Lesotho,1996,TRUE,0.542532142857143,0.314,0
Lesotho,1997,TRUE,0.5366154761904763,0.314,0
Lesotho,2007,TRUE,0.6222833333333331,0.568,-0.04600000000000004
Lesotho,2008,TRUE,0.5348777777777779,0.561,-0.006999999999999895
Lesotho,2009,TRUE,0.5381742063492063,0.559,-0.0020000000000000018
Lesotho,2016,TRUE,0.7361968253968251,0.576,-0.02100000000000002
Lesotho,2017,TRUE,0.8394900793650789,0.501,-0.07499999999999996
Liberia,1995,TRUE,0.5144646825396827,0.166,-0.0030000000000000027
Liberia,1996,TRUE,0.6479210317460314,0.15,-0.016000000000000014
Liberia,2013,TRUE,0.7165563492063491,0.618,-0.02200000000000002
Liberia,2014,TRUE,0.7005805555555558,0.611,-0.007000000000000006
Liberia,2015,TRUE,0.6395936507936509,0.611,0
Liberia,2018,TRUE,0.6668031746031743,0.621,0.0010000000000000009
Liberia,2019,TRUE,0.6911646825396824,0.623,0.0020000000000000018
Liberia,2020,TRUE,0.5766964285714284,0.633,0.010000000000000009
Liberia,2021,TRUE,0.5127940476190475,0.616,-0.017000000000000015
Libya,2015,TRUE,0.7248749999999998,0.285,0.004999999999999949
Libya,2016,TRUE,0.6832714285714281,0.285,0
Libya,2021,TRUE,0.6193408730158729,0.216,-0.05000000000000002
Libya,2022,TRUE,0.684986111111111,0.206,-0.010000000000000009
Libya,2023,TRUE,0.6683317460317456,0.196,-0.009999999999999981
Lithuania,2016,TRUE,0.5202761904761902,0.825,-0.01100000000000001
Lithuania,2017,TRUE,0.6500892857142858,0.808,-0.016999999999999904
Lithuania,2018,TRUE,0.6296190476190476,0.818,0.009999999999999898
Lithuania,2021,TRUE,0.5580440476190475,0.793,-0.009000000000000008
Lithuania,2022,TRUE,0.5087662698412699,0.793,0
Lithuania,2023,TRUE,0.5281642857142858,0.785,-0.008000000000000007
Lithuania,2025,TRUE,0.6430853174603175,0.786,-0.01200000000000001
Madagascar,1997,TRUE,0.8172353174603175,0.51,-0.038000000000000034
Madagascar,1998,TRUE,0.7488769841269841,0.507,-0.0030000000000000027
Madagascar,1999,TRUE,0.715167857142857,0.503,-0.0040000000000000036
Madagascar,2009,TRUE,0.8383095238095236,0.272,-0.23199999999999998
Madagascar,2010,TRUE,0.8286130952380952,0.221,-0.05100000000000002
Madagascar,2011,TRUE,0.7521535714285714,0.221,0
Madagascar,2019,TRUE,0.6287615079365074,0.478,-0.0030000000000000027
Madagascar,2020,TRUE,0.6131170634920635,0.486,0.008000000000000007
Madagascar,2021,TRUE,0.8198115079365079,0.479,-0.007000000000000006
Madagascar,2023,TRUE,0.6471916666666666,0.461,-0.01599999999999996
Madagascar,2024,TRUE,0.7208380952380953,0.403,-0.057999999999999996
Madagascar,2025,TRUE,0.778682142857143,0.361,-0.04200000000000004
Malawi,1999,TRUE,0.6060976190476188,0.512,-0.05499999999999994
Malawi,2000,TRUE,0.6474781746031747,0.478,-0.03400000000000003
Malawi,2001,TRUE,0.5753432539682539,0.478,0
Malawi,2018,TRUE,0.5208869047619051,0.528,-0.018000000000000016
Malawi,2019,TRUE,0.8048138888888885,0.48,-0.04800000000000004
Malaysia,2021,TRUE,0.6674690476190475,0.432,0.007000000000000006
Malaysia,2022,TRUE,0.6525079365079364,0.459,0.027000000000000024
Maldives,2012,TRUE,0.8477837301587301,0.543,-0.05699999999999994
Maldives,2013,TRUE,0.9684873015873016,0.453,-0.09000000000000002
Maldives,2014,TRUE,0.9521301587301586,0.407,-0.04600000000000004
Maldives,2015,TRUE,0.9464436507936508,0.38,-0.02699999999999997
Maldives,2016,TRUE,0.8923984126984126,0.365,-0.015000000000000013
Maldives,2017,TRUE,0.8996218253968254,0.353,-0.01200000000000001
Maldives,2024,TRUE,0.538492857142857,0.577,-0.019000000000000017
Maldives,2025,TRUE,0.6526519841269841,0.556,-0.020999999999999908
Mali,1997,TRUE,0.6301507936507936,0.55,-0.04399999999999993
Mali,1998,TRUE,0.7283630952380953,0.519,-0.031000000000000028
Mali,1999,TRUE,0.6607908730158726,0.519,0
Mali,2012,TRUE,0.7607630952380952,0.355,-0.256
Mali,2013,TRUE,0.7388035714285713,0.328,-0.02699999999999997
Mali,2014,TRUE,0.6685507936507935,0.54,0.21200000000000002
Mali,2018,TRUE,0.763207142857143,0.518,-0.02200000000000002
Mali,2019,TRUE,0.6328781746031746,0.516,-0.0020000000000000018
Mali,2020,TRUE,0.7517591269841268,0.421,-0.09500000000000003
Mali,2021,TRUE,0.80383373015873,0.243,-0.178
Mali,2022,TRUE,0.7901277777777775,0.231,-0.011999999999999983
Mali,2023,TRUE,0.7962722222222222,0.229,-0.0020000000000000018
Mali,2024,TRUE,0.575615476190476,0.192,-0.037000000000000005
Mali,2025,TRUE,0.5066761904761906,0.164,-0.027999999999999997
Malta,2013,TRUE,0.6643230158730159,0.793,-0.02399999999999991
Malta,2014,TRUE,0.7357369047619047,0.778,-0.015000000000000013
Malta,2015,TRUE,0.6942003968253967,0.778,0
Malta,2017,TRUE,0.5957432539682541,0.761,-0.016000000000000014
Malta,2018,TRUE,0.5880003968253971,0.754,-0.007000000000000006
Mauritania,2010,TRUE,0.5119142857142861,0.468,0.10400000000000004
Mauritania,2013,TRUE,0.7538801587301586,0.416,-0.05499999999999999
Mauritania,2014,TRUE,0.6719059523809522,0.422,0.006000000000000005
Mauritania,2015,TRUE,0.6797746031746028,0.431,0.009000000000000008
Mauritania,2017,TRUE,0.7282448412698411,0.389,-0.04199999999999998
Mauritania,2023,TRUE,0.7063384920634923,0.368,-0.028000000000000025
Mauritania,2024,TRUE,0.7886448412698414,0.337,-0.030999999999999972
Mauritania,2025,TRUE,0.7018448412698413,0.328,-0.009000000000000008
Mauritius,2014,TRUE,0.6492769841269841,0.723,-0.015000000000000013
Mauritius,2015,TRUE,0.5417873015873017,0.737,0.014000000000000012
Mauritius,2016,TRUE,0.5530436507936509,0.731,-0.006000000000000005
Mauritius,2019,TRUE,0.6590630952380955,0.694,-0.04500000000000004
Mauritius,2020,TRUE,0.8242587301587301,0.549,-0.1449999999999999
Mauritius,2021,TRUE,0.8271396825396825,0.532,-0.017000000000000015
Mauritius,2022,TRUE,0.9543563492063493,0.501,-0.031000000000000028
Mauritius,2023,TRUE,0.9400718253968252,0.47,-0.031000000000000028
Mauritius,2024,TRUE,0.749734126984127,0.495,0.025000000000000022
Mexico,2006,TRUE,0.5863178571428569,0.674,-0.03699999999999992
Mexico,2007,TRUE,0.7390238095238095,0.639,-0.03500000000000003
Mexico,2008,TRUE,0.6384571428571427,0.649,0.010000000000000009
Mexico,2013,TRUE,0.9404341269841268,0.623,-0.027000000000000024
Mexico,2014,TRUE,0.8656722222222221,0.621,-0.0020000000000000018
Mexico,2015,TRUE,0.7794916666666669,0.643,0.02200000000000002
Mexico,2019,TRUE,0.6684480158730158,0.684,0.009000000000000008
Mexico,2020,TRUE,0.7994686507936507,0.664,-0.020000000000000018
Mexico,2021,TRUE,0.8782011904761903,0.624,-0.040000000000000036
Mexico,2022,TRUE,0.9557734126984123,0.584,-0.040000000000000036
Mexico,2023,TRUE,0.9748484126984125,0.548,-0.03599999999999992
Mexico,2024,TRUE,0.9308496031746031,0.496,-0.052000000000000046
Mexico,2025,TRUE,0.9307420634920633,0.469,-0.027000000000000024
Moldova,2001,TRUE,0.9219373015873017,0.512,-0.06699999999999995
Moldova,2002,TRUE,0.7834075396825395,0.506,-0.006000000000000005
Moldova,2003,TRUE,0.7798829365079364,0.506,0
Moldova,2005,TRUE,0.6058277777777776,0.446,-0.06
Moldova,2007,TRUE,0.5154785714285716,0.438,0.0030000000000000027
Moldova,2014,TRUE,0.7949138888888891,0.623,-0.015000000000000013
Moldova,2015,TRUE,0.9046480158730159,0.57,-0.05300000000000005
Moldova,2016,TRUE,0.9172099206349206,0.529,-0.040999999999999925
Moldova,2017,TRUE,0.9801904761904761,0.503,-0.026000000000000023
Moldova,2018,TRUE,0.908013492063492,0.506,0.0030000000000000027
Moldova,2024,TRUE,0.8872527777777781,0.622,-0.08999999999999997
Moldova,2025,TRUE,0.8837309523809526,0.553,-0.06899999999999995
Mongolia,2000,TRUE,0.838289285714286,0.674,-0.03299999999999992
Mongolia,2001,TRUE,0.7958884920634923,0.663,-0.01100000000000001
Mongolia,2002,TRUE,0.7443833333333331,0.671,0.008000000000000007
Mongolia,2013,TRUE,0.6235198412698412,0.684,0.0010000000000000009
Mongolia,2015,TRUE,0.5734198412698412,0.681,-0.0050000000000000044
Mongolia,2018,TRUE,0.6749321428571426,0.653,-0.008000000000000007
Mongolia,2019,TRUE,0.5020857142857145,0.653,0
Mongolia,2020,TRUE,0.7320492063492066,0.629,-0.02400000000000002
Mongolia,2021,TRUE,0.8106055555555558,0.609,-0.020000000000000018
Mongolia,2022,TRUE,0.8757817460317461,0.573,-0.03600000000000003
Mongolia,2023,TRUE,0.8822043650793651,0.534,-0.038999999999999924
Mongolia,2024,TRUE,0.9584722222222222,0.498,-0.03600000000000003
Montenegro,2013,TRUE,0.592197619047619,0.494,-0.02300000000000002
Montenegro,2014,TRUE,0.5658412698412701,0.484,-0.010000000000000009
Montenegro,2015,TRUE,0.6292742063492065,0.484,0
Montenegro,2017,TRUE,0.5123972222222222,0.474,-0.010000000000000009
Mozambique,2010,TRUE,0.5233186507936507,0.425,-0.028000000000000025
Mozambique,2017,TRUE,0.5572503968253968,0.408,-0.025000000000000022
Mozambique,2018,TRUE,0.767429365079365,0.4,-0.007999999999999952
Mozambique,2019,TRUE,0.7384325396825395,0.397,-0.0030000000000000027
Mozambique,2020,TRUE,0.8591119047619047,0.364,-0.03300000000000003
Mozambique,2021,TRUE,0.6022261904761906,0.367,0.0030000000000000027
Mozambique,2022,TRUE,0.669561111111111,0.366,-0.0010000000000000009
Mozambique,2023,TRUE,0.5266813492063493,0.351,-0.015000000000000013
Mozambique,2024,TRUE,0.8905047619047617,0.31,-0.04099999999999998
Mozambique,2025,TRUE,0.8507015873015874,0.279,-0.030999999999999972
Namibia,2018,TRUE,0.659606746031746,0.682,-0.026999999999999913
Namibia,2019,TRUE,0.8062738095238096,0.647,-0.03500000000000003
Namibia,2020,TRUE,0.7264607142857141,0.632,-0.015000000000000013
Namibia,2021,TRUE,0.7363630952380955,0.622,-0.010000000000000009
Namibia,2022,TRUE,0.6141186507936507,0.626,0.0040000000000000036
Namibia,2023,TRUE,0.5743115079365081,0.622,-0.0040000000000000036
Nepal,2000,TRUE,0.6215142857142855,0.36,-0.028000000000000025
Nepal,2001,TRUE,0.6340857142857137,0.352,-0.008000000000000007
Nepal,2002,TRUE,0.768146031746032,0.271,-0.08099999999999996
Nepal,2003,TRUE,0.6583932539682543,0.224,-0.047000000000000014
Nepal,2004,TRUE,0.6072761904761905,0.224,0
Nepal,2012,TRUE,0.5970654761904761,0.39,-0.16600000000000004
Nepal,2013,TRUE,0.7108845238095238,0.28,-0.10999999999999999
Nepal,2019,TRUE,0.891726587301587,0.606,-0.027000000000000024
Nepal,2020,TRUE,0.9024650793650791,0.598,-0.008000000000000007
Nepal,2021,TRUE,0.7466678571428569,0.609,0.01100000000000001
Netherlands,2024,TRUE,0.7116730158730156,0.823,-0.02400000000000002
Netherlands,2025,TRUE,0.5885257936507936,0.832,0.009000000000000008
New Zealand,2021,TRUE,0.5053849206349206,0.874,-0.008000000000000007
New Zealand,2025,TRUE,0.5894551587301589,0.849,-0.019000000000000017
Nicaragua,1996,TRUE,0.6190202380952377,0.676,-0.0129999999999999
Nicaragua,1997,TRUE,0.8938876984126986,0.632,-0.04400000000000004
Nicaragua,1998,TRUE,0.8678809523809522,0.632,0
Nicaragua,1999,TRUE,0.8753777777777777,0.597,-0.03500000000000003
Nicaragua,2000,TRUE,0.859020634920635,0.586,-0.01100000000000001
Nicaragua,2001,TRUE,0.762136507936508,0.588,0.0020000000000000018
Nicaragua,2006,TRUE,0.936838888888889,0.563,-0.028000000000000025
Nicaragua,2007,TRUE,0.9960531746031747,0.457,-0.10599999999999993
Nicaragua,2008,TRUE,NA,0.445,-0.01200000000000001
Nicaragua,2009,TRUE,NA,0.441,-0.0040000000000000036
Nicaragua,2010,TRUE,NA,0.436,-0.0050000000000000044
Nicaragua,2011,TRUE,NA,0.425,-0.01100000000000001
Nicaragua,2012,TRUE,NA,0.371,-0.05399999999999999
Nicaragua,2013,TRUE,NA,0.319,-0.05199999999999999
Nicaragua,2014,TRUE,NA,0.319,0
Nicaragua,2015,TRUE,NA,0.318,-0.0010000000000000009
Nicaragua,2016,TRUE,NA,0.305,-0.013000000000000012
Nicaragua,2017,TRUE,NA,0.281,-0.023999999999999966
Nicaragua,2018,TRUE,NA,0.221,-0.060000000000000026
Nicaragua,2019,TRUE,NA,0.215,-0.006000000000000005
Nicaragua,2020,TRUE,NA,0.215,0
Nicaragua,2021,TRUE,NA,0.195,-0.01999999999999999
Nicaragua,2022,TRUE,NA,0.158,-0.037000000000000005
Nicaragua,2023,TRUE,NA,0.158,0
Nicaragua,2024,TRUE,NA,0.151,-0.007000000000000006
Nicaragua,2025,TRUE,NA,0.151,0
Niger,1996,TRUE,0.6473432539682538,0.292,-0.24000000000000005
Niger,1997,TRUE,0.6717853174603172,0.385,0.09300000000000003
Niger,1998,TRUE,0.6825694444444443,0.385,0
Niger,2009,TRUE,0.8021301587301585,0.421,-0.15499999999999997
Niger,2010,TRUE,0.7225503968253969,0.265,-0.15599999999999997
Niger,2016,TRUE,0.6353896825396823,0.573,-0.049000000000000044
Niger,2017,TRUE,0.8429805555555557,0.542,-0.030999999999999917
Niger,2018,TRUE,0.8196686507936507,0.53,-0.01200000000000001
Niger,2019,TRUE,0.7849908730158729,0.528,-0.0020000000000000018
Niger,2020,TRUE,0.5562666666666665,0.544,0.016000000000000014
Niger,2022,TRUE,0.706902380952381,0.504,-0.019000000000000017
Niger,2023,TRUE,0.8077277777777777,0.388,-0.11599999999999999
Niger,2024,TRUE,0.7696650793650792,0.237,-0.15100000000000002
Niger,2025,TRUE,0.7997392857142854,0.227,-0.009999999999999981
Nigeria,2003,TRUE,0.5483035714285714,0.428,-0.04299999999999998
Nigeria,2004,TRUE,0.6033011904761907,0.412,-0.016000000000000014
Nigeria,2005,TRUE,0.5322615079365081,0.412,0
Nigeria,2019,TRUE,0.8629376984126984,0.52,-0.03500000000000003
Nigeria,2020,TRUE,0.8416488095238094,0.512,-0.008000000000000007
Nigeria,2021,TRUE,0.866811904761905,0.488,-0.02400000000000002
Nigeria,2022,TRUE,0.8331345238095239,0.49,0.0020000000000000018
Nigeria,2023,TRUE,0.6067551587301584,0.484,-0.006000000000000005
North Macedonia,2001,TRUE,0.5824428571428572,0.445,-0.014000000000000012
North Macedonia,2006,TRUE,0.5031714285714285,0.597,-0.006000000000000005
North Macedonia,2007,TRUE,0.7692353174603174,0.584,-0.013000000000000012
North Macedonia,2008,TRUE,0.8969242063492063,0.553,-0.030999999999999917
North Macedonia,2009,TRUE,0.9510253968253968,0.528,-0.025000000000000022
North Macedonia,2010,TRUE,0.9002884920634917,0.526,-0.0020000000000000018
North Macedonia,2011,TRUE,NA,0.478,-0.04800000000000004
North Macedonia,2012,TRUE,NA,0.45,-0.02799999999999997
North Macedonia,2013,TRUE,NA,0.448,-0.0020000000000000018
North Macedonia,2014,TRUE,NA,0.447,-0.0010000000000000009
North Macedonia,2015,TRUE,NA,0.44,-0.007000000000000006
North Macedonia,2016,TRUE,NA,0.449,0.009000000000000008
North Macedonia,2020,TRUE,0.5595027777777777,0.598,-0.0040000000000000036
North Macedonia,2021,TRUE,0.6610365079365076,0.592,-0.006000000000000005
North Macedonia,2022,TRUE,0.9441873015873012,0.56,-0.03199999999999992
North Macedonia,2023,TRUE,0.85056626984127,0.562,0.0020000000000000018
North Macedonia,2024,TRUE,0.8530873015873015,0.557,-0.0050000000000000044
Pakistan,2000,TRUE,0.5884805555555556,0.205,-0.13500000000000004
Pakistan,2002,TRUE,0.5944392857142856,0.243,0.03999999999999998
Pakistan,2015,TRUE,0.7577059523809525,0.441,-0.02799999999999997
Pakistan,2016,TRUE,0.6872035714285715,0.429,-0.01200000000000001
Pakistan,2017,TRUE,0.6918182539682536,0.419,-0.010000000000000009
Pakistan,2018,TRUE,0.5135468253968254,0.395,-0.023999999999999966
Pakistan,2019,TRUE,0.6047960317460319,0.368,-0.027000000000000024
Pakistan,2023,TRUE,0.851525,0.334,-0.044999999999999984
Pakistan,2024,TRUE,0.8231115079365077,0.313,-0.02100000000000002
Pakistan,2025,TRUE,0.7686908730158732,0.302,-0.01100000000000001
Palestine/West Bank,2007,TRUE,0.8759055555555554,0.323,-0.178
Palestine/West Bank,2008,TRUE,0.8283964285714283,0.234,-0.089
Palestine/West Bank,2009,TRUE,0.7651829365079362,0.242,0.00799999999999998
Palestine/West Bank,2010,TRUE,0.5218706349206352,0.244,0.0020000000000000018
Palestine/West Bank,2020,TRUE,0.5284436507936509,0.242,-0.030000000000000027
Palestine/West Bank,2021,TRUE,0.7789297619047618,0.235,-0.007000000000000006
Palestine/West Bank,2022,TRUE,0.6939968253968253,0.229,-0.005999999999999978
Palestine/West Bank,2023,TRUE,0.5557341269841268,0.229,0
Panama,2020,TRUE,0.648407142857143,0.721,-0.010000000000000009
Papua New Guinea,2008,TRUE,0.6001138888888891,0.478,-0.03300000000000003
Papua New Guinea,2009,TRUE,0.5427158730158731,0.478,0
Papua New Guinea,2010,TRUE,0.6584400793650792,0.475,-0.0030000000000000027
Papua New Guinea,2012,TRUE,0.6926170634920638,0.46,-0.011999999999999955
Papua New Guinea,2013,TRUE,0.5594940476190475,0.448,-0.01200000000000001
Paraguay,2012,TRUE,0.8031682539682538,0.608,-0.02200000000000002
Paraguay,2013,TRUE,0.9550472222222223,0.585,-0.02300000000000002
Paraguay,2014,TRUE,0.8609416666666665,0.595,0.010000000000000009
Paraguay,2015,TRUE,0.8324226190476189,0.593,-0.0020000000000000018
Paraguay,2024,TRUE,0.760515079365079,0.581,0.0050000000000000044
Paraguay,2025,TRUE,0.7774416666666668,0.581,0
Peru,1991,TRUE,0.7316146825396821,0.59,-0.02200000000000002
Peru,1992,TRUE,0.9106845238095238,0.249,-0.34099999999999997
Peru,1993,TRUE,0.8656107142857143,0.252,0.0030000000000000027
Peru,1994,TRUE,0.8333857142857141,0.246,-0.006000000000000005
Peru,2006,TRUE,0.5570440476190477,0.792,0
Peru,2015,TRUE,0.6880142857142857,0.817,-0.0050000000000000044
Peru,2016,TRUE,0.6852797619047619,0.788,-0.028999999999999915
Peru,2017,TRUE,0.6116007936507938,0.789,0.0010000000000000009
Peru,2021,TRUE,0.8627067460317461,0.771,-0.04699999999999993
Peru,2022,TRUE,0.9117821428571429,0.733,-0.038000000000000034
Peru,2023,TRUE,0.9735623015873016,0.7,-0.03300000000000003
Peru,2024,TRUE,0.9771900793650793,0.642,-0.05799999999999994
Peru,2025,TRUE,0.890922619047619,0.667,0.025000000000000022
Philippines,1993,TRUE,0.5892531746031746,0.542,-0.013000000000000012
Philippines,2001,TRUE,0.7747551587301588,0.545,-0.039999999999999925
Philippines,2002,TRUE,0.8040623015873017,0.531,-0.014000000000000012
Philippines,2003,TRUE,0.7676932539682538,0.529,-0.0020000000000000018
Philippines,2004,TRUE,0.8439182539682542,0.486,-0.04300000000000004
Philippines,2005,TRUE,0.8118416666666669,0.463,-0.022999999999999965
Philippines,2006,TRUE,0.7887952380952381,0.463,0
Philippines,2016,TRUE,0.9142869047619049,0.485,-0.03700000000000003
Philippines,2017,TRUE,0.9765825396825396,0.469,-0.016000000000000014
Philippines,2018,TRUE,0.9889777777777777,0.45,-0.01899999999999996
Philippines,2019,TRUE,0.9673361111111111,0.428,-0.02200000000000002
Philippines,2020,TRUE,0.9604071428571427,0.405,-0.022999999999999965
Philippines,2021,TRUE,0.7640380952380952,0.411,0.00599999999999995
Philippines,2022,TRUE,0.7623630952380953,0.411,0
Philippines,2023,TRUE,0.5978249999999999,0.416,0.0050000000000000044
Philippines,2024,TRUE,0.5441238095238097,0.411,-0.0050000000000000044
Philippines,2025,TRUE,0.680823412698413,0.392,-0.01899999999999996
Poland,2015,TRUE,0.6615892857142858,0.876,-0.006000000000000005
Poland,2016,TRUE,NA,0.731,-0.14500000000000002
Poland,2017,TRUE,NA,0.698,-0.03300000000000003
Poland,2018,TRUE,NA,0.694,-0.0040000000000000036
Poland,2019,TRUE,NA,0.682,-0.0119999999999999
Poland,2020,TRUE,NA,0.616,-0.06600000000000006
Poland,2021,TRUE,NA,0.587,-0.029000000000000026
Poland,2022,TRUE,NA,0.578,-0.009000000000000008
Portugal,2020,TRUE,0.6313908730158729,0.886,0
Portugal,2021,TRUE,0.6462119047619046,0.884,-0.0020000000000000018
Portugal,2022,TRUE,0.777423015873016,0.847,-0.03700000000000003
Portugal,2023,TRUE,0.7393650793650796,0.854,0.007000000000000006
Portugal,2024,TRUE,0.765597619047619,0.836,-0.018000000000000016
Portugal,2025,TRUE,0.6641662698412697,0.822,-0.014000000000000012
Republic of the Congo,1997,TRUE,0.6565103174603173,0.243,-0.20700000000000002
Republic of the Congo,1998,TRUE,0.6773623015873016,0.165,-0.07799999999999999
Republic of the Congo,1999,TRUE,0.6732873015873015,0.165,0
Romania,2001,TRUE,0.5647777777777777,0.597,-0.014000000000000012
Romania,2017,TRUE,0.8912619047619047,0.695,-0.038000000000000034
Romania,2018,TRUE,0.9455412698412698,0.692,-0.0030000000000000027
Romania,2019,TRUE,0.8364218253968253,0.75,0.05800000000000005
Romania,2021,TRUE,0.546174603174603,0.766,-0.039000000000000035
Romania,2022,TRUE,0.901744444444444,0.691,-0.07500000000000007
Romania,2023,TRUE,0.9551924603174599,0.677,-0.013999999999999901
Romania,2024,TRUE,0.9628555555555552,0.628,-0.049000000000000044
Romania,2025,TRUE,0.8860123015873016,0.605,-0.02300000000000002
Russia,1995,TRUE,0.5091007936507937,0.477,0
Russia,2000,TRUE,NA,0.403,-0.057999999999999996
Russia,2001,TRUE,NA,0.374,-0.029000000000000026
Russia,2002,TRUE,NA,0.354,-0.020000000000000018
Russia,2003,TRUE,NA,0.339,-0.014999999999999958
Russia,2004,TRUE,NA,0.321,-0.018000000000000016
Russia,2005,TRUE,NA,0.32,-0.0010000000000000009
Russia,2006,TRUE,NA,0.322,0.0020000000000000018
Russia,2007,TRUE,NA,0.316,-0.006000000000000005
Russia,2008,TRUE,NA,0.302,-0.014000000000000012
Russia,2009,TRUE,0.7131142857142858,0.309,0.007000000000000006
Russia,2010,TRUE,0.7415297619047618,0.306,-0.0030000000000000027
Russia,2011,TRUE,0.6117615079365079,0.299,-0.007000000000000006
Russia,2012,TRUE,NA,0.278,-0.020999999999999963
Russia,2013,TRUE,NA,0.276,-0.0020000000000000018
Russia,2014,TRUE,NA,0.264,-0.01200000000000001
Russia,2015,TRUE,NA,0.265,0.0010000000000000009
Russia,2016,TRUE,NA,0.263,-0.0020000000000000018
Russia,2017,TRUE,NA,0.261,-0.0020000000000000018
Russia,2018,TRUE,NA,0.264,0.0030000000000000027
Russia,2019,TRUE,NA,0.259,-0.0050000000000000044
Russia,2020,TRUE,NA,0.255,-0.0040000000000000036
Russia,2021,TRUE,NA,0.245,-0.010000000000000009
Russia,2022,TRUE,NA,0.206,-0.03900000000000001
Russia,2023,TRUE,NA,0.19,-0.015999999999999986
Russia,2024,TRUE,NA,0.171,-0.01899999999999999
Russia,2025,TRUE,NA,0.17,-0.0010000000000000009
Rwanda,1994,TRUE,0.6749269841269842,0.143,-0.04400000000000001
Rwanda,1995,TRUE,0.5235261904761903,0.104,-0.03899999999999999
Sao Tome and Principe,2024,TRUE,0.585035714285714,0.632,-0.01200000000000001
Senegal,2017,TRUE,0.7294150793650793,0.701,-0.025000000000000022
Senegal,2018,TRUE,0.7394150793650794,0.688,-0.013000000000000012
Senegal,2019,TRUE,0.7024214285714285,0.697,0.009000000000000008
Senegal,2023,TRUE,0.834472619047619,0.625,-0.061000000000000054
Senegal,2024,TRUE,0.8022043650793649,0.605,-0.020000000000000018
Senegal,2025,TRUE,0.7103007936507937,0.633,0.028000000000000025
Serbia,1991,TRUE,0.6696785714285711,0.164,-0.036000000000000004
Serbia,2009,TRUE,0.5255916666666665,0.623,-0.0050000000000000044
Serbia,2010,TRUE,0.845060714285714,0.61,-0.013000000000000012
Serbia,2011,TRUE,0.7895142857142853,0.607,-0.0030000000000000027
Serbia,2012,TRUE,NA,0.593,-0.014000000000000012
Serbia,2013,TRUE,NA,0.502,-0.09099999999999997
Serbia,2014,TRUE,NA,0.44,-0.062
Serbia,2015,TRUE,NA,0.422,-0.018000000000000016
Serbia,2016,TRUE,NA,0.411,-0.01100000000000001
Serbia,2017,TRUE,NA,0.376,-0.034999999999999976
Serbia,2018,TRUE,NA,0.354,-0.02200000000000002
Serbia,2019,TRUE,NA,0.365,0.01100000000000001
Serbia,2020,TRUE,NA,0.349,-0.016000000000000014
Serbia,2021,TRUE,NA,0.336,-0.012999999999999956
Serbia,2022,TRUE,NA,0.357,0.020999999999999963
Serbia,2023,TRUE,NA,0.36,0.0030000000000000027
Serbia,2024,TRUE,NA,0.315,-0.044999999999999984
Serbia,2025,TRUE,NA,0.3,-0.015000000000000013
Sierra Leone,2008,TRUE,0.605159126984127,0.517,-0.02200000000000002
Sierra Leone,2009,TRUE,0.5012793650793652,0.514,-0.0030000000000000027
Sierra Leone,2023,TRUE,0.8410146825396825,0.512,-0.05799999999999994
Sierra Leone,2024,TRUE,0.9308333333333334,0.471,-0.041000000000000036
Sierra Leone,2025,TRUE,0.8670638888888887,0.471,0
Slovakia,1996,TRUE,0.8779845238095239,0.702,0
Slovakia,2006,TRUE,0.6081849206349207,0.82,-0.025000000000000022
Slovakia,2007,TRUE,0.5018936507936508,0.835,0.015000000000000013
Slovakia,2013,TRUE,0.7111916666666666,0.835,-0.009000000000000008
Slovakia,2014,TRUE,0.7181321428571426,0.834,-0.0010000000000000009
Slovakia,2015,TRUE,0.561425,0.838,0.0040000000000000036
Slovakia,2018,TRUE,0.620748015873016,0.814,-0.02100000000000002
Slovakia,2022,TRUE,0.5370119047619046,0.837,-0.0020000000000000018
Slovakia,2023,TRUE,0.7195392857142859,0.812,-0.02499999999999991
Slovakia,2024,TRUE,0.9560242063492063,0.746,-0.06600000000000006
Slovakia,2025,TRUE,0.9244619047619047,0.733,-0.013000000000000012
Slovenia,2005,TRUE,0.527813095238095,0.822,-0.0030000000000000027
Slovenia,2012,TRUE,0.607606746031746,0.847,-0.016000000000000014
Slovenia,2017,TRUE,0.5721857142857145,0.84,-0.02100000000000002
Slovenia,2018,TRUE,0.6908734126984128,0.83,-0.010000000000000009
Slovenia,2019,TRUE,0.7121503968253969,0.814,-0.016000000000000014
Slovenia,2020,TRUE,0.916449603174603,0.752,-0.061999999999999944
Slovenia,2021,TRUE,0.9369150793650792,0.715,-0.03700000000000003
Slovenia,2022,TRUE,0.5211305555555557,0.808,0.09300000000000008
Slovenia,2023,TRUE,0.5566603174603175,0.76,-0.04800000000000004
Slovenia,2024,TRUE,0.5116571428571429,0.725,-0.03500000000000003
Slovenia,2025,TRUE,0.8341773809523808,0.692,-0.03300000000000003
Solomon Islands,2000,TRUE,0.8435242063492063,0.356,-0.15500000000000003
Solomon Islands,2001,TRUE,0.7442154761904762,0.273,-0.08299999999999996
Somaliland,2014,TRUE,0.5549492063492064,0.401,-0.0010000000000000009
Somaliland,2015,TRUE,0.5661892857142857,0.401,0
South Africa,2017,TRUE,0.5021432539682539,0.738,-0.014000000000000012
South Korea,2008,TRUE,0.7826829365079366,0.759,-0.07499999999999996
South Korea,2009,TRUE,0.7250384920634921,0.759,0
South Korea,2010,TRUE,0.7331400793650794,0.762,0.0030000000000000027
South Korea,2013,TRUE,0.6324579365079365,0.716,-0.03700000000000003
South Korea,2014,TRUE,0.5940150793650792,0.705,-0.01100000000000001
South Korea,2015,TRUE,0.5714757936507937,0.705,0
South Korea,2022,TRUE,0.700434126984127,0.802,-0.04999999999999993
South Korea,2023,TRUE,0.7588599206349207,0.722,-0.08000000000000007
South Korea,2024,TRUE,0.6136932539682536,0.724,0.0020000000000000018
South Sudan,2014,TRUE,0.6444373015873015,0.164,-0.0050000000000000044
South Sudan,2015,TRUE,0.6297543650793651,0.166,0.0020000000000000018
Spain,2013,TRUE,0.6334158730158732,0.875,-0.014000000000000012
Spain,2014,TRUE,0.6144011904761908,0.871,-0.0040000000000000036
Spain,2015,TRUE,0.6340873015873018,0.856,-0.015000000000000013
Spain,2022,TRUE,0.5653472222222223,0.867,0.017000000000000015
Spain,2023,TRUE,0.6761492063492063,0.846,-0.02100000000000002
Spain,2024,TRUE,0.7315507936507935,0.826,-0.020000000000000018
Spain,2025,TRUE,0.5752876984126983,0.822,-0.0040000000000000036
Sri Lanka,2000,TRUE,0.7052837301587301,0.494,-0.03500000000000003
Sri Lanka,2005,TRUE,0.8375083333333331,0.435,-0.07800000000000001
Sri Lanka,2006,TRUE,0.859551984126984,0.373,-0.062
Sri Lanka,2007,TRUE,0.7770257936507934,0.373,0
Sri Lanka,2008,TRUE,0.7138166666666667,0.368,-0.0050000000000000044
Sri Lanka,2019,TRUE,0.6584404761904763,0.564,-0.04800000000000004
Sri Lanka,2020,TRUE,0.8814567460317461,0.579,0.015000000000000013
Sri Lanka,2021,TRUE,0.8810734126984127,0.572,-0.007000000000000006
Sudan,1991,TRUE,0.5251103174603172,0.086,0
Sudan,1992,TRUE,0.5002805555555557,0.088,0.0020000000000000018
Sudan,2022,TRUE,0.5696599206349208,0.158,-0.0050000000000000044
Sudan,2023,TRUE,0.5050777777777777,0.139,-0.01899999999999999
Suriname,1991,TRUE,0.5849214285714284,0.45,-0.27599999999999997
Suriname,2018,TRUE,0.564743650793651,0.748,0
Suriname,2019,TRUE,0.5566734126984124,0.741,-0.007000000000000006
Taiwan,2021,TRUE,0.5493099206349207,0.82,0
Taiwan,2024,TRUE,0.5833912698412697,0.804,-0.018999999999999906
Taiwan,2025,TRUE,0.5867646825396825,0.801,-0.0030000000000000027
Tajikistan,1993,TRUE,0.6475912698412699,0.217,-0.061000000000000026
Tajikistan,1994,TRUE,0.6356468253968253,0.194,-0.022999999999999993
Tajikistan,2015,TRUE,0.5821619047619048,0.184,-0.017000000000000015
Tanzania,2001,TRUE,0.5240242063492062,0.44,-0.03699999999999998
Tanzania,2016,TRUE,0.8722730158730158,0.409,-0.04400000000000004
Tanzania,2017,TRUE,0.7072738095238094,0.401,-0.007999999999999952
Tanzania,2018,TRUE,0.8830083333333332,0.385,-0.016000000000000014
Tanzania,2019,TRUE,0.6528571428571429,0.383,-0.0020000000000000018
Tanzania,2020,TRUE,0.5757579365079366,0.383,0
Tanzania,2025,TRUE,0.9215801587301585,0.365,-0.04799999999999999
Thailand,1991,TRUE,0.7951916666666669,0.209,-0.162
Thailand,1992,TRUE,0.6394646825396824,0.271,0.06200000000000003
Thailand,2005,TRUE,0.7773218253968253,0.507,-0.02300000000000002
Thailand,2006,TRUE,0.8631765873015872,0.227,-0.28
Thailand,2007,TRUE,0.7999793650793651,0.181,-0.04600000000000001
Thailand,2008,TRUE,0.5667103174603174,0.402,0.22100000000000003
Thailand,2014,TRUE,0.7772948412698412,0.162,-0.28400000000000003
Thailand,2015,TRUE,0.7583337301587301,0.16,-0.0020000000000000018
Thailand,2016,TRUE,0.7422476190476187,0.16,0
The Gambia,1994,TRUE,0.7521507936507935,0.207,-0.23500000000000001
The Gambia,1995,TRUE,0.6945011904761904,0.101,-0.10599999999999998
The Gambia,1996,TRUE,0.7960797619047617,0.13,0.028999999999999998
Timor-Leste,2016,TRUE,0.6746269841269842,0.628,-0.016000000000000014
Togo,2017,TRUE,0.6347325396825391,0.442,-0.02999999999999997
Togo,2018,TRUE,0.7908583333333333,0.428,-0.014000000000000012
Togo,2019,TRUE,0.8786666666666669,0.395,-0.032999999999999974
Togo,2021,TRUE,0.5250373015873013,0.396,-0.02799999999999997
Togo,2023,TRUE,0.8294511904761905,0.389,-0.010000000000000009
Togo,2024,TRUE,0.8731591269841271,0.35,-0.039000000000000035
Togo,2025,TRUE,0.8612039682539683,0.351,0.0010000000000000009
Tunisia,2021,TRUE,0.8684599206349204,0.535,-0.17699999999999994
Tunisia,2022,TRUE,0.859378968253968,0.283,-0.25200000000000006
Tunisia,2023,TRUE,0.8681861111111109,0.432,0.14900000000000002
Tunisia,2024,TRUE,0.9606261904761906,0.422,-0.010000000000000009
Türkiye,2007,TRUE,0.8067980158730158,0.616,-0.027000000000000024
Türkiye,2008,TRUE,0.9612214285714286,0.554,-0.061999999999999944
Türkiye,2009,TRUE,0.9425710317460319,0.545,-0.009000000000000008
Türkiye,2010,TRUE,NA,0.525,-0.020000000000000018
Türkiye,2011,TRUE,NA,0.522,-0.0030000000000000027
Türkiye,2012,TRUE,NA,0.508,-0.014000000000000012
Türkiye,2013,TRUE,NA,0.469,-0.039000000000000035
Türkiye,2014,TRUE,NA,0.426,-0.04299999999999998
Türkiye,2015,TRUE,NA,0.388,-0.03799999999999998
Türkiye,2016,TRUE,NA,0.308,-0.08000000000000002
Türkiye,2017,TRUE,NA,0.29,-0.018000000000000016
Türkiye,2018,TRUE,NA,0.295,0.0050000000000000044
Türkiye,2019,TRUE,NA,0.289,-0.006000000000000005
Türkiye,2023,TRUE,NA,0.285,0
Türkiye,2024,TRUE,NA,0.289,0.0040000000000000036
Türkiye,2025,TRUE,NA,0.293,0.0040000000000000036
Uganda,2001,TRUE,0.5435686507936507,0.27,-0.033999999999999975
Uganda,2002,TRUE,0.6366623015873013,0.262,-0.008000000000000007
Uganda,2003,TRUE,0.608763492063492,0.257,-0.0050000000000000044
Uganda,2016,TRUE,0.8493595238095237,0.289,-0.01100000000000001
Uganda,2017,TRUE,0.6164464285714282,0.291,0.0020000000000000018
Uganda,2018,TRUE,0.7629992063492061,0.283,-0.008000000000000007
Uganda,2021,TRUE,0.5057833333333331,0.274,-0.010999999999999954
Uganda,2023,TRUE,0.5307075396825396,0.259,-0.010000000000000009
Ukraine,1996,TRUE,0.7373357142857139,0.543,-0.009000000000000008
Ukraine,1997,TRUE,0.8518591269841266,0.523,-0.020000000000000018
Ukraine,1998,TRUE,0.8324654761904761,0.448,-0.07500000000000001
Ukraine,1999,TRUE,0.8472186507936508,0.422,-0.026000000000000023
Ukraine,2000,TRUE,0.836186111111111,0.389,-0.032999999999999974
Ukraine,2001,TRUE,0.7222829365079364,0.384,-0.0050000000000000044
Ukraine,2002,TRUE,0.5792480158730159,0.394,0.010000000000000009
Ukraine,2010,TRUE,NA,0.484,-0.12
Ukraine,2011,TRUE,NA,0.483,-0.0010000000000000009
Ukraine,2012,TRUE,NA,0.479,-0.0040000000000000036
Ukraine,2013,TRUE,NA,0.459,-0.019999999999999962
Ukraine,2014,TRUE,NA,0.417,-0.04200000000000004
Ukraine,2015,TRUE,0.764171825396825,0.42,0.0030000000000000027
Ukraine,2016,TRUE,0.7029273809523807,0.433,0.013000000000000012
Ukraine,2017,TRUE,0.5154630952380951,0.43,-0.0030000000000000027
Ukraine,2022,TRUE,0.877643650793651,0.392,-0.14500000000000002
Ukraine,2023,TRUE,0.8711777777777779,0.39,-0.0020000000000000018
Ukraine,2024,TRUE,0.8724365079365081,0.387,-0.0030000000000000027
United Kingdom,2021,TRUE,0.6573420634920633,0.857,-0.014000000000000012
United Kingdom,2022,TRUE,0.5095757936507934,0.844,-0.013000000000000012
United Kingdom,2023,TRUE,0.5588119047619048,0.852,0.008000000000000007
United Kingdom,2024,TRUE,0.712151587301587,0.832,-0.020000000000000018
United Kingdom,2025,TRUE,0.8049777777777779,0.772,-0.05999999999999994
United States of America,2001,TRUE,0.5227238095238093,0.828,-0.039000000000000035
United States of America,2016,TRUE,0.5599785714285715,0.885,-0.015000000000000013
United States of America,2017,TRUE,NA,0.834,-0.051000000000000045
United States of America,2018,TRUE,NA,0.824,-0.010000000000000009
United States of America,2019,TRUE,NA,0.818,-0.006000000000000005
United States of America,2020,TRUE,NA,0.815,-0.0030000000000000027
United States of America,2021,TRUE,NA,0.821,0.006000000000000005
United States of America,2025,TRUE,NA,0.735,-0.10799999999999998
Uruguay,2020,TRUE,0.5649559523809528,0.867,-0.029000000000000026
Uruguay,2021,TRUE,0.6471376984126985,0.852,-0.015000000000000013
Uruguay,2022,TRUE,0.7644833333333335,0.818,-0.03400000000000003
Uruguay,2023,TRUE,0.6983031746031746,0.833,0.015000000000000013
Uruguay,2024,TRUE,0.609684523809524,0.846,0.013000000000000012
Uzbekistan,1994,TRUE,0.5354242063492061,0.187,-0.01200000000000001
Vanuatu,1992,TRUE,0.5249932539682539,0.615,-0.07200000000000006
Vanuatu,1993,TRUE,0.5205773809523808,0.615,0
Vanuatu,1994,TRUE,0.5055615079365079,0.615,0
Vanuatu,2020,TRUE,0.5026611111111113,0.78,0.0010000000000000009
Vanuatu,2025,TRUE,0.5709404761904762,0.729,-0.07100000000000006
Venezuela,1998,TRUE,0.582706349206349,0.73,-0.016000000000000014
Venezuela,1999,TRUE,NA,0.665,-0.06499999999999995
Venezuela,2000,TRUE,NA,0.573,-0.09200000000000008
Venezuela,2001,TRUE,NA,0.529,-0.04399999999999993
Venezuela,2002,TRUE,NA,0.495,-0.03400000000000003
Venezuela,2003,TRUE,NA,0.487,-0.008000000000000007
Venezuela,2004,TRUE,NA,0.475,-0.01200000000000001
Venezuela,2005,TRUE,NA,0.474,-0.0010000000000000009
Venezuela,2006,TRUE,NA,0.45,-0.023999999999999966
Venezuela,2007,TRUE,NA,0.434,-0.016000000000000014
Venezuela,2008,TRUE,NA,0.432,-0.0020000000000000018
Venezuela,2009,TRUE,NA,0.431,-0.0010000000000000009
Venezuela,2010,TRUE,NA,0.419,-0.01200000000000001
Venezuela,2011,TRUE,NA,0.415,-0.0040000000000000036
Venezuela,2012,TRUE,NA,0.399,-0.01599999999999996
Venezuela,2013,TRUE,NA,0.327,-0.07200000000000001
Venezuela,2014,TRUE,NA,0.312,-0.015000000000000013
Venezuela,2015,TRUE,NA,0.3,-0.01200000000000001
Venezuela,2016,TRUE,NA,0.293,-0.007000000000000006
Venezuela,2017,TRUE,NA,0.233,-0.05999999999999997
Venezuela,2018,TRUE,NA,0.213,-0.020000000000000018
Venezuela,2019,TRUE,NA,0.209,-0.0040000000000000036
Venezuela,2020,TRUE,0.862370238095238,0.206,-0.0030000000000000027
Venezuela,2022,TRUE,0.6066079365079364,0.209,-0.006000000000000005
Venezuela,2024,TRUE,0.8537916666666672,0.196,-0.009999999999999981
Venezuela,2025,TRUE,0.7884575396825397,0.181,-0.015000000000000013
Yemen,1995,TRUE,0.5449380952380949,0.299,-0.019000000000000017
Yemen,1996,TRUE,0.545019841269841,0.299,0
Yemen,2014,TRUE,0.7173801587301586,0.3,-0.03600000000000003
Yemen,2015,TRUE,0.7037916666666669,0.184,-0.11599999999999999
Yemen,2016,TRUE,0.751695238095238,0.113,-0.071
Yemen,2017,TRUE,0.7182892857142857,0.112,-0.0010000000000000009
Yemen,2018,TRUE,0.5923361111111111,0.113,0.0010000000000000009
Zambia,2011,TRUE,NA,0.503,-0.01100000000000001
Zambia,2012,TRUE,NA,0.503,0
Zambia,2013,TRUE,NA,0.485,-0.018000000000000016
Zambia,2014,TRUE,NA,0.478,-0.007000000000000006
Zambia,2015,TRUE,NA,0.458,-0.019999999999999962
Zambia,2016,TRUE,NA,0.397,-0.061
Zambia,2017,TRUE,NA,0.36,-0.03700000000000003
Zambia,2018,TRUE,NA,0.37,0.010000000000000009
Zambia,2019,TRUE,NA,0.358,-0.01200000000000001
Zambia,2020,TRUE,NA,0.353,-0.0050000000000000044
Zambia,2021,TRUE,NA,0.421,0.068
Zambia,2025,TRUE,0.8446031746031744,0.497,-0.015000000000000013
Zanzibar,2015,TRUE,0.5012702380952382,0.299,-0.030000000000000027
Zanzibar,2016,TRUE,0.7218468253968252,0.252,-0.046999999999999986
Zanzibar,2017,TRUE,0.6171964285714283,0.269,0.017000000000000015
Zimbabwe,2000,TRUE,0.7020706349206345,0.284,-0.026000000000000023
Zimbabwe,2001,TRUE,0.6970543650793647,0.267,-0.01699999999999996
Zimbabwe,2002,TRUE,0.6484869047619045,0.268,0.0010000000000000009
Zimbabwe,2020,TRUE,0.6219138888888883,0.299,-0.0050000000000000044
Zimbabwe,2021,TRUE,0.506973015873016,0.297,-0.0020000000000000018
Zimbabwe,2023,TRUE,0.6808932539682537,0.296,0.0040000000000000036
Zimbabwe,2024,TRUE,0.8118587301587299,0.272,-0.023999999999999966
Zimbabwe,2025,TRUE,0.7626420634920633,0.268,-0.0040000000000000036
